Row.names	clusters	Nanopore_ID	Illumina_Library_ID	Sample_ID.x	Culturing_Sample_ID	Antibiotics	Sample_ID.y	Cubicle_room	Sample_type	Material	Human_Traffic	timept	Room_type	bed_number	Species	is_Circular	is_Novel	AR	VF
N098_BC06_tig00000002	5	N098_BC06	WEE063	HMCT019_02	HMCT021_02	AMP	HMCT019	Ward_2	Cardiac_Table	Metal_and_Wood	Empty	2	MDRO_wards	2	Phage	TRUE	FALSE	NA	NA
N098_BC09_tig00000001	5	N098_BC09	WEE063	HMCT019_02	HMCT021_02	CHLOR	HMCT019	Ward_2	Cardiac_Table	Metal_and_Wood	Empty	2	MDRO_wards	2	Phage	TRUE	FALSE	NA	NA
N098_BC10_tig00000001	5	N098_BC10	WEE063	HMCT019_02	HMCT021_02	TET	HMCT019	Ward_2	Cardiac_Table	Metal_and_Wood	Empty	2	MDRO_wards	2	Phage	TRUE	FALSE	NA	NA
N100_BC04_tig00000003	4	N100_BC04	WEE056	HMST039	HMST041	AMP	HMST039	Room_4	Sink_Trap	Metal	Moderate_(2-5)	1	Isolation_rooms	NA	Phage	FALSE	TRUE	NA	NA
N100_BC04_tig00000004	31	N100_BC04	WEE056	HMST039	HMST041	AMP	HMST039	Room_4	Sink_Trap	Metal	Moderate_(2-5)	1	Isolation_rooms	NA	Phage	FALSE	TRUE	NA	NA
N100_BC05_tig00000003	31	N100_BC05	WEE056	HMST039	HMST041	TET	HMST039	Room_4	Sink_Trap	Metal	Moderate_(2-5)	1	Isolation_rooms	NA	Phage	FALSE	TRUE	NA	NA
N100_BC05_tig00000004	4	N100_BC05	WEE056	HMST039	HMST041	TET	HMST039	Room_4	Sink_Trap	Metal	Moderate_(2-5)	1	Isolation_rooms	NA	Phage	FALSE	TRUE	NA	NA
N101_BC05_tig00000021	2	N101_BC05	WEE078	HMBL091	HMBL093	AMP	HMBL091	Ward_3	Bedside_Locker	Wood	Empty	1	Standard_wards	1	Phage	TRUE	TRUE	NA	NA
N101_BC05_tig00000022	14	N101_BC05	WEE078	HMBL091	HMBL093	AMP	HMBL091	Ward_3	Bedside_Locker	Wood	Empty	1	Standard_wards	1	Phage	TRUE	TRUE	NA	NA
N101_BC05_tig00000055	7	N101_BC05	WEE078	HMBL091	HMBL093	AMP	HMBL091	Ward_3	Bedside_Locker	Wood	Empty	1	Standard_wards	1	Phage	TRUE	TRUE	NA	NA
N102_BC06_tig00000001	6	N102_BC06	WEE332	HMCT052	HMCT054	KAN	HMCT052	Ward_4	Cardiac_Table	Metal_and_Wood	Low_(less_than_2)	1	MDRO_wards	3	Phage	FALSE	TRUE	NA	NA
N104_BC05_tig00000052	29	N104_BC05	WEE038	HMBR130	HMBR132	TET	HMBR130	Room_4	Bed_Rail	Plastic	Moderate_(2-5)	1	Isolation_rooms	NA	Phage	FALSE	FALSE	NA	NA
N104_BC12_tig00000026	51	N104_BC12	WEE299	HMP007	HMP009	TET	HMP007	Ward_3	Pulse_Oxymeter	Rubber	Empty	1	MDRO_wards	NA	Phage	FALSE	FALSE	NA	NA
N106_BC02_tig00000002	5	N106_BC02	WEE062	HMBR019_02	HMBR021_02	CHLOR	HMBR019	Ward_2	Bed_Rail	Metal	Empty	2	MDRO_wards	2	Phage	TRUE	FALSE	NA	NA
N106_BC03_tig00000003	5	N106_BC03	WEE062	HMBR019_02	HMBR021_02	KAN	HMBR019	Ward_2	Bed_Rail	Metal	Empty	2	MDRO_wards	2	Phage	TRUE	FALSE	NA	NA
N106_BC04_tig00000006	5	N106_BC04	WEE062	HMBR019_02	HMBR021_02	TET	HMBR019	Ward_2	Bed_Rail	Metal	Empty	2	MDRO_wards	2	Phage	FALSE	FALSE	NA	NA
N106_BC05_tig00000004	4	N106_BC05	WEE056	HMST039	HMST041	STREP	HMST039	Room_4	Sink_Trap	Metal	Moderate_(2-5)	1	Isolation_rooms	NA	Phage	FALSE	TRUE	NA	NA
N107_BC05_tig00000017	33	N107_BC05	WEE075	HMP004_02	HMP006_02	KAN	HMP004	Ward_2	Pulse_Oxymeter	Rubber	Empty	2	MDRO_wards	NA	Phage	FALSE	FALSE	NA	NA
N107_BC05_tig00000041	64	N107_BC05	WEE075	HMP004_02	HMP006_02	KAN	HMP004	Ward_2	Pulse_Oxymeter	Rubber	Empty	2	MDRO_wards	NA	Phage	FALSE	TRUE	NA	NA
N107_BC08_tig00000043	39	N107_BC08	WEE299	HMP007	HMP009	KAN	HMP007	Ward_3	Pulse_Oxymeter	Rubber	Empty	1	MDRO_wards	NA	Phage	FALSE	FALSE	NA	VFDB|VFG002423, VFDB|VFG001799
N107_BC11_tig00000022	24	N107_BC11	WEE080	HMBR061	HMBR063	CHLOR	HMBR061	Ward_1	Bed_Rail	Metal	Empty	1	Standard_wards	1	Phage	FALSE	TRUE	NA	NA
N110_BC09_tig00000009	2	N110_BC09	WEE345	HMBR103	HMBR105	AMP	HMBR103	Ward_3	Bed_Rail	Metal	Empty	1	Standard_wards	5	Phage	TRUE	TRUE	NA	NA
N110_BC09_tig00000190	54	N110_BC09	WEE345	HMBR103	HMBR105	AMP	HMBR103	Ward_3	Bed_Rail	Metal	Empty	1	Standard_wards	5	Phage	FALSE	TRUE	NA	NA
N111_BC08_tig00000008	26	N111_BC08	WEE244	HMBR058	HMBR060	STREP	HMBR058	Ward_4	Bed_Rail	Plastic	Empty	1	MDRO_wards	5	Phage	TRUE	TRUE	NA	NA
N114_BC03_tig00000011	3	N114_BC03	WEE208	HMBR040	HMBR042	KAN	HMBR040	Ward_3	Bed_Rail	Plastic	Empty	1	MDRO_wards	4	Phage	TRUE	FALSE	NA	NA
N114_BC08_tig00000004	4	N114_BC08	WEE052	HMST030	HMST032	AMP	HMST030	Room_1	Sink_Trap	Metal	Low_(less_than_2)	1	Isolation_rooms	NA	Phage	FALSE	TRUE	NA	NA
N114_BC08_tig00000005	31	N114_BC08	WEE052	HMST030	HMST032	AMP	HMST030	Room_1	Sink_Trap	Metal	Low_(less_than_2)	1	Isolation_rooms	NA	Phage	FALSE	TRUE	NA	NA
N114_BC10_tig00000006	4	N114_BC10	WEE052	HMST030	HMST032	STREP	HMST030	Room_1	Sink_Trap	Metal	Low_(less_than_2)	1	Isolation_rooms	NA	Phage	FALSE	TRUE	NA	NA
N114_BC11_tig00000005	4	N114_BC11	WEE052	HMST030	HMST032	KAN	HMST030	Room_1	Sink_Trap	Metal	Low_(less_than_2)	1	Isolation_rooms	NA	Phage	TRUE	TRUE	NA	NA
N114_BC12_tig00000003	31	N114_BC12	WEE052	HMST030	HMST032	TET	HMST030	Room_1	Sink_Trap	Metal	Low_(less_than_2)	1	Isolation_rooms	NA	Phage	FALSE	TRUE	NA	NA
N114_BC12_tig00000004	4	N114_BC12	WEE052	HMST030	HMST032	TET	HMST030	Room_1	Sink_Trap	Metal	Low_(less_than_2)	1	Isolation_rooms	NA	Phage	FALSE	TRUE	NA	NA
N115_BC01_tig00000003	5	N115_BC01	WEE062	HMBR019_02	HMBR021_02	AMP	HMBR019	Ward_2	Bed_Rail	Metal	Empty	2	MDRO_wards	2	Phage	TRUE	FALSE	NA	NA
N115_BC05_tig00000003	37	N115_BC05	WEE187	HMBR052	HMBR054	KAN	HMBR052	Ward_4	Bed_Rail	Plastic	Low_(less_than_2)	1	MDRO_wards	3	Phage	TRUE	TRUE	NA	NA
N115_BC05_tig00000007	28	N115_BC05	WEE187	HMBR052	HMBR054	KAN	HMBR052	Ward_4	Bed_Rail	Plastic	Low_(less_than_2)	1	MDRO_wards	3	Phage	FALSE	FALSE	NA	NA
N115_BC06_tig00000006	28	N115_BC06	WEE187	HMBR052	HMBR054	STREP	HMBR052	Ward_4	Bed_Rail	Plastic	Low_(less_than_2)	1	MDRO_wards	3	Phage	FALSE	FALSE	NA	NA
N115_BC07_tig00000003	37	N115_BC07	WEE187	HMBR052	HMBR054	TET	HMBR052	Ward_4	Bed_Rail	Plastic	Low_(less_than_2)	1	MDRO_wards	3	Phage	TRUE	TRUE	NA	NA
N115_BC07_tig00000007	28	N115_BC07	WEE187	HMBR052	HMBR054	TET	HMBR052	Ward_4	Bed_Rail	Plastic	Low_(less_than_2)	1	MDRO_wards	3	Phage	FALSE	FALSE	NA	NA
N115_BC12_tig00000010	66	N115_BC12	WEE093	HMCT094	HMCT096	AMP	HMCT094	Ward_3	Cardiac_Table	Metal	Empty	1	Standard_wards	2	Phage	FALSE	FALSE	NA	NA
N116_BC03_tig00000001	5	N116_BC03	WEE301	HMCT016	HMCT018	AMP	HMCT016	Ward_2	Cardiac_Table	Metal_and_Wood	Empty	1	MDRO_wards	1	Phage	TRUE	FALSE	NA	NA
N116_BC04_tig00000003	5	N116_BC04	WEE301	HMCT016	HMCT018	CHLOR	HMCT016	Ward_2	Cardiac_Table	Metal_and_Wood	Empty	1	MDRO_wards	1	Phage	TRUE	FALSE	NA	NA
N116_BC05_tig00000006	5	N116_BC05	WEE301	HMCT016	HMCT018	KAN	HMCT016	Ward_2	Cardiac_Table	Metal_and_Wood	Empty	1	MDRO_wards	1	Phage	TRUE	FALSE	NA	NA
N116_BC06_tig00000005	5	N116_BC06	WEE301	HMCT016	HMCT018	TET	HMCT016	Ward_2	Cardiac_Table	Metal_and_Wood	Empty	1	MDRO_wards	1	Phage	TRUE	FALSE	NA	NA
N117_BC08_tig00000019	6	N117_BC08	WEE284	HMBL028	HMBL030	KAN	HMBL028	Ward_2	Bedside_Locker	Wood	Moderate_(2-5)	1	MDRO_wards	5	Phage	FALSE	TRUE	NA	NA
N118_BC02_tig00000001	5	N118_BC02	WEE295	HMCT019	HMCT021	AMP	HMCT019	Ward_2	Cardiac_Table	Metal_and_Wood	Empty	1	MDRO_wards	2	Phage	TRUE	FALSE	NA	NA
N118_BC03_tig00000001	5	N118_BC03	WEE295	HMCT019	HMCT021	CHLOR	HMCT019	Ward_2	Cardiac_Table	Metal_and_Wood	Empty	1	MDRO_wards	2	Phage	TRUE	FALSE	NA	NA
N118_BC04_tig00000004	5	N118_BC04	WEE295	HMCT019	HMCT021	KAN	HMCT019	Ward_2	Cardiac_Table	Metal_and_Wood	Empty	1	MDRO_wards	2	Phage	TRUE	FALSE	NA	NA
N118_BC05_tig00000002	5	N118_BC05	WEE295	HMCT019	HMCT021	TET	HMCT019	Ward_2	Cardiac_Table	Metal_and_Wood	Empty	1	MDRO_wards	2	Phage	TRUE	FALSE	NA	NA
N119_BC02_tig00000047	63	N119_BC02	WEE147	HMCT124	HMCT126	KAN	HMCT124	Room_2	Cardiac_Table	Metal	Empty	1	Isolation_rooms	NA	Phage	FALSE	TRUE	NA	NA
N119_BC03_tig00000094	30	N119_BC03	WEE147	HMCT124	HMCT126	TET	HMCT124	Room_2	Cardiac_Table	Metal	Empty	1	Isolation_rooms	NA	Phage	FALSE	FALSE	NA	NA
N119_BC04_tig00000129	65	N119_BC04	WEE305	HMBR019	HMBR021	AMP	HMBR019	Ward_2	Bed_Rail	Metal	Empty	1	MDRO_wards	2	Phage	FALSE	FALSE	NA	NA
N121_BC09_tig00000017	24	N121_BC09	WEE097	HMBR067	HMBR069	KAN	HMBR067	Ward_1	Bed_Rail	Metal	Empty	1	Standard_wards	3	Phage	FALSE	TRUE	NA	NA
N122_BC02_tig00000029	9	N122_BC02	WEE386	HMD004	HMD006	KAN	HMD004	Room_2	Door_Handle	Metal	Empty	1	Isolation_rooms	NA	Phage	FALSE	FALSE	[Dfr_Tmt]	NA
N122_BC05_tig00000005	14	N122_BC05	WEE310	HMBR004	HMBR006	AMP	HMBR004	Ward_1	Bed_Rail	Metal	Empty	1	MDRO_wards	2	Phage	TRUE	TRUE	NA	NA
N122_BC05_tig00000014	2	N122_BC05	WEE310	HMBR004	HMBR006	AMP	HMBR004	Ward_1	Bed_Rail	Metal	Empty	1	MDRO_wards	2	Phage	TRUE	TRUE	NA	NA
N122_BC05_tig00000439	7	N122_BC05	WEE310	HMBR004	HMBR006	AMP	HMBR004	Ward_1	Bed_Rail	Metal	Empty	1	MDRO_wards	2	Phage	FALSE	TRUE	NA	NA
N122_BC12_tig00000030	9	N122_BC12	WEE032	HMBL124	HMBL126	KAN	HMBL124	Room_2	Bedside_Locker	Wood	Empty	1	Isolation_rooms	NA	Phage	FALSE	FALSE	[Dfr_Tmt]	NA
N123_BC06_tig00000006	4	N123_BC06	WEE054	HMST033	HMST035	STREP	HMST033	Room_2	Sink_Trap	Metal	Empty	1	Isolation_rooms	NA	Phage	FALSE	TRUE	NA	NA
N124_BC09_tig00000076	7	N124_BC09	WEE143	HMBL073	HMBL075	AMP	HMBL073	Ward_1	Bedside_Locker	Metal_and_Wood	Empty	1	Standard_wards	5	Phage	TRUE	TRUE	NA	NA
N124_BC09_tig00000127	38	N124_BC09	WEE143	HMBL073	HMBL075	AMP	HMBL073	Ward_1	Bedside_Locker	Metal_and_Wood	Empty	1	Standard_wards	5	Phage	FALSE	FALSE	NA	NA
N124_BC09_tig00000206	74	N124_BC09	WEE143	HMBL073	HMBL075	AMP	HMBL073	Ward_1	Bedside_Locker	Metal_and_Wood	Empty	1	Standard_wards	5	Phage	FALSE	TRUE	NA	NA
N125_BC11_tig00000003	45	N125_BC11	WEE108	HMBR085	HMBR087	TET	HMBR085	Ward_2	Bed_Rail	Metal	Empty	1	Standard_wards	4	Phage	FALSE	TRUE	NA	NA
N126_BC02_tig00000003	65	N126_BC02	WEE163	HMCT082	HMCT084	KAN	HMCT082	Ward_2	Cardiac_Table	Metal_and_Wood	Empty	1	Standard_wards	3	Phage	FALSE	FALSE	NA	NA
N126_BC04_tig00000003	5	N126_BC04	WEE086	HMBL064	HMBL066	AMP	HMBL064	Ward_1	Bedside_Locker	Metal_and_Wood	Empty	1	Standard_wards	2	Phage	TRUE	FALSE	NA	NA
N126_BC05_tig00000004	5	N126_BC05	WEE086	HMBL064	HMBL066	KAN	HMBL064	Ward_1	Bedside_Locker	Metal_and_Wood	Empty	1	Standard_wards	2	Phage	TRUE	FALSE	NA	NA
N126_BC07_tig00000005	5	N126_BC07	WEE086	HMBL064	HMBL066	TET	HMBL064	Ward_1	Bedside_Locker	Metal_and_Wood	Empty	1	Standard_wards	2	Phage	TRUE	FALSE	NA	NA
N128_BC01_tig00000040	73	N128_BC01	WEE164	HMCT085	HMCT087	TET	HMCT085	Ward_2	Cardiac_Table	Metal_and_Wood	Empty	1	Standard_wards	4	Phage	TRUE	TRUE	NA	NA
N128_BC02_tig00000067	40	N128_BC02	WEE164	HMCT085	HMCT087	AMP	HMCT085	Ward_2	Cardiac_Table	Metal_and_Wood	Empty	1	Standard_wards	4	Phage	FALSE	TRUE	NA	NA
N129_BC05_tig00000002	5	N129_BC05	WEE107	HMBR070	HMBR072	AMP	HMBR070	Ward_1	Bed_Rail	Metal	Empty	1	Standard_wards	4	Phage	TRUE	FALSE	NA	NA
N129_BC07_tig00000001	5	N129_BC07	WEE107	HMBR070	HMBR072	KAN	HMBR070	Ward_1	Bed_Rail	Metal	Empty	1	Standard_wards	4	Phage	TRUE	FALSE	NA	NA
N129_BC08_tig00000003	5	N129_BC08	WEE107	HMBR070	HMBR072	TET	HMBR070	Ward_1	Bed_Rail	Metal	Empty	1	Standard_wards	4	Phage	TRUE	FALSE	NA	NA
N129_BC10_tig00000007	1	N129_BC10	WEE175	HMCT001_02	HMCT003_02	CHLOR	HMCT001	Ward_1	Cardiac_Table	Metal_and_Wood	Empty	2	MDRO_wards	1	Phage	TRUE	FALSE	NA	NA
N130_BC02_tig00000007	52	N130_BC02	WEE312	HMCT022	HMCT024	CHLOR	HMCT022	Ward_2	Cardiac_Table	Metal_and_Wood	Empty	1	MDRO_wards	3	Phage	TRUE	FALSE	NA	NA
N131_BC12_tig00000004	5	N131_BC12	WEE086	HMBL064	HMBL066	CHLOR	HMBL064	Ward_1	Bedside_Locker	Metal_and_Wood	Empty	1	Standard_wards	2	Phage	TRUE	FALSE	NA	NA
N132_BC01_tig00000079	13	N132_BC01	WEE309	HMBR007	HMBR009	AMP	HMBR007	Ward_1	Bed_Rail	Metal	Empty	1	MDRO_wards	3	Phage	TRUE	TRUE	NA	NA
N132_BC02_tig00000006	15	N132_BC02	WEE164	HMCT085	HMCT087	KAN	HMCT085	Ward_2	Cardiac_Table	Metal_and_Wood	Empty	1	Standard_wards	4	Phage	FALSE	TRUE	NA	NA
N132_BC04_tig00000022	14	N132_BC04	WEE161	HMBR073	HMBR075	AMP	HMBR073	Ward_1	Bed_Rail	Plastic	Empty	1	Standard_wards	5	Phage	TRUE	TRUE	NA	NA
N132_BC04_tig00000028	2	N132_BC04	WEE161	HMBR073	HMBR075	AMP	HMBR073	Ward_1	Bed_Rail	Plastic	Empty	1	Standard_wards	5	Phage	TRUE	TRUE	NA	NA
N132_BC04_tig00000303	7	N132_BC04	WEE161	HMBR073	HMBR075	AMP	HMBR073	Ward_1	Bed_Rail	Plastic	Empty	1	Standard_wards	5	Phage	FALSE	TRUE	NA	NA
N133_BC10_tig00000013	45	N133_BC10	WEE302	HMBR028	HMBR030	TET	HMBR028	Ward_2	Bed_Rail	Metal	Moderate_(2-5)	1	MDRO_wards	5	Phage	FALSE	TRUE	NA	NA
N133_BC10_tig00000068	30	N133_BC10	WEE302	HMBR028	HMBR030	TET	HMBR028	Ward_2	Bed_Rail	Metal	Moderate_(2-5)	1	MDRO_wards	5	Phage	FALSE	FALSE	NA	NA
N134_BC01_tig00000042	33	N134_BC01	WEE066	HMCT022_02	HMCT024_02	KAN	HMCT022	Ward_2	Cardiac_Table	Metal_and_Wood	Empty	2	MDRO_wards	3	Phage	FALSE	FALSE	NA	NA
N134_BC05_tig00000035	29	N134_BC05	WEE289	HMCT040	HMCT042	KAN	HMCT040	Ward_3	Cardiac_Table	Metal_and_Wood	Empty	1	MDRO_wards	4	Phage	TRUE	FALSE	NA	NA
N139_BC01_tig00000003	5	N139_BC01	WEE148	HMCT064	HMCT066	AMP	HMCT064	Ward_1	Cardiac_Table	Metal	Empty	1	Standard_wards	2	Phage	TRUE	FALSE	NA	NA
N139_BC02_tig00000003	5	N139_BC02	WEE148	HMCT064	HMCT066	CHLOR	HMCT064	Ward_1	Cardiac_Table	Metal	Empty	1	Standard_wards	2	Phage	TRUE	FALSE	NA	NA
N139_BC03_tig00000002	5	N139_BC03	WEE148	HMCT064	HMCT066	KAN	HMCT064	Ward_1	Cardiac_Table	Metal	Empty	1	Standard_wards	2	Phage	TRUE	FALSE	NA	NA
N139_BC05_tig00000003	5	N139_BC05	WEE148	HMCT064	HMCT066	TET	HMCT064	Ward_1	Cardiac_Table	Metal	Empty	1	Standard_wards	2	Phage	TRUE	FALSE	NA	NA
N140_BC02_tig00000019	12	N140_BC02	WEE279	HMCT010	HMCT012	AMP	HMCT010	Ward_1	Cardiac_Table	Metal_and_Wood	Empty	1	MDRO_wards	4	Phage	TRUE	TRUE	NA	NA
N140_BC03_tig00000013	12	N140_BC03	WEE279	HMCT010	HMCT012	CHLOR	HMCT010	Ward_1	Cardiac_Table	Metal_and_Wood	Empty	1	MDRO_wards	4	Phage	TRUE	TRUE	NA	NA
N140_BC04_tig00000017	12	N140_BC04	WEE279	HMCT010	HMCT012	KAN	HMCT010	Ward_1	Cardiac_Table	Metal_and_Wood	Empty	1	MDRO_wards	4	Phage	TRUE	TRUE	NA	NA
N140_BC05_tig00000021	12	N140_BC05	WEE279	HMCT010	HMCT012	STREP	HMCT010	Ward_1	Cardiac_Table	Metal_and_Wood	Empty	1	MDRO_wards	4	Phage	TRUE	TRUE	NA	NA
N140_BC06_tig00000014	12	N140_BC06	WEE279	HMCT010	HMCT012	TET	HMCT010	Ward_1	Cardiac_Table	Metal_and_Wood	Empty	1	MDRO_wards	4	Phage	TRUE	TRUE	NA	NA
N143_BC12_tig00000031	42	N143_BC12	WEE058	HMBL016_02	HMBL018_02	TET	HMBL016	Ward_2	Bedside_Locker	Wood	Empty	2	MDRO_wards	1	Phage	FALSE	TRUE	NA	NA
N144_BC02_tig00000102	58	N144_BC02	WEE140	HMBL007_02	HMBL009_02	KAN	HMBL007	Ward_1	Bedside_Locker	Wood	Empty	2	MDRO_wards	3	Phage	FALSE	FALSE	NA	NA
N145_BC07_tig00000329	20	N145_BC07	WEE170	HMCT064_02	HMCT066_02	AMP	HMCT064	Ward_1	Cardiac_Table	Metal	Empty	2	Standard_wards	2	Phage	FALSE	FALSE	NA	NA
N148_BC03_tig00000198	29	N148_BC03	WEE317	HMCT037	HMCT039	KAN	HMCT037	Ward_3	Cardiac_Table	Metal	Empty	1	MDRO_wards	3	Phage	FALSE	FALSE	NA	NA
N151_BC04_tig00000015	5	N151_BC04	WEE344	HMP018_02	HMP020_02	KAN	HMP018	Ward_1	Pulse_Oxymeter	Rubber	Empty	2	Standard_wards	NA	Phage	TRUE	FALSE	NA	NA
N151_BC05_tig00000015	5	N151_BC05	WEE344	HMP018_02	HMP020_02	TET	HMP018	Ward_1	Pulse_Oxymeter	Rubber	Empty	2	Standard_wards	NA	Phage	TRUE	FALSE	NA	NA
N151_BC09_tig00000181	61	N151_BC09	WEE300	HMBL040	HMBL042	AMP	HMBL040	Ward_3	Bedside_Locker	Wood	Empty	1	MDRO_wards	4	Phage	FALSE	TRUE	NA	NA
N152_BC02_tig00000033	34	N152_BC02	WEE259	HMBR043	HMBR045	AMP	HMBR043	Ward_3	Bed_Rail	Plastic	Empty	1	MDRO_wards	5	Phage	TRUE	FALSE	NA	NA
N152_BC04_tig00000235	29	N152_BC04	WEE317	HMCT037	HMCT039	AMP	HMCT037	Ward_3	Cardiac_Table	Metal	Empty	1	MDRO_wards	3	Phage	TRUE	FALSE	NA	NA
N153_BC01_tig00005136	75	N153_BC01	WEE347	HMP027	HMP029	TET	HMP027	Ward_4	Pulse_Oxymeter	Rubber	Empty	1	Standard_wards	NA	Phage	FALSE	FALSE	NA	NA
N153_BC08_tig00000444	15	N153_BC08	WEE087	HMBL094	HMBL096	KAN	HMBL094	Ward_3	Bedside_Locker	Wood	Empty	1	Standard_wards	2	Phage	FALSE	TRUE	NA	NA
N153_BC10_tig00000106	14	N153_BC10	WEE385	HMP024	HMP026	AMP	HMP024	Ward_3	Pulse_Oxymeter	Rubber	Empty	1	Standard_wards	NA	Phage	FALSE	TRUE	NA	NA
N155_BC03_tig00000033	4	N155_BC03	WEE053	HMST030_02	HMST032_02	STREP	HMST030	Room_1	Sink_Trap	Metal	Empty	2	Isolation_rooms	NA	Phage	FALSE	TRUE	NA	NA
N156_BC11_tig00000052	5	N156_BC11	WEE254	HMBL031	HMBL033	AMP	HMBL031	Ward_3	Bedside_Locker	Wood	Empty	1	MDRO_wards	1	Phage	TRUE	FALSE	NA	NA
N156_BC12_tig00000016	5	N156_BC12	WEE254	HMBL031	HMBL033	CHLOR	HMBL031	Ward_3	Bedside_Locker	Wood	Empty	1	MDRO_wards	1	Phage	TRUE	FALSE	NA	NA
N157_BC12_tig00003330	4	N157_BC12	WEE152	HMST036	HMST038	STREP	HMST036	Room_3	Sink_Trap	Metal	Empty	1	Isolation_rooms	NA	Phage	FALSE	TRUE	NA	NA
N158_BC01_tig00000016	4	N158_BC01	WEE152	HMST036	HMST038	TET	HMST036	Room_3	Sink_Trap	Metal	Empty	1	Isolation_rooms	NA	Phage	FALSE	TRUE	NA	NA
N159_BC08_tig00000256	10	N159_BC08	WEE360	HMBR118	HMBR120	AMP	HMBR118	Ward_4	Bed_Rail	Plastic	Empty	1	Standard_wards	5	Phage	TRUE	TRUE	NA	NA
N159_BC08_tig00000293	23	N159_BC08	WEE360	HMBR118	HMBR120	AMP	HMBR118	Ward_4	Bed_Rail	Plastic	Empty	1	Standard_wards	5	Phage	TRUE	TRUE	NA	NA
N159_BC12_tig00000012	9	N159_BC12	WEE360	HMBR118	HMBR120	TET	HMBR118	Ward_4	Bed_Rail	Plastic	Empty	1	Standard_wards	5	Phage	FALSE	FALSE	NA	NA
N160_BC07_tig00000019	4	N160_BC07	WEE053	HMST030_02	HMST032_02	AMP	HMST030	Room_1	Sink_Trap	Metal	Empty	2	Isolation_rooms	NA	Phage	FALSE	TRUE	NA	NA
N161_BC10_tig00000248	14	N161_BC10	WEE319	HMCT046	HMCT048	AMP	HMCT046	Ward_4	Cardiac_Table	Metal_and_Wood	Empty	1	MDRO_wards	1	Phage	FALSE	TRUE	NA	NA
N161_BC10_tig00012600	7	N161_BC10	WEE319	HMCT046	HMCT048	AMP	HMCT046	Ward_4	Cardiac_Table	Metal_and_Wood	Empty	1	MDRO_wards	1	Phage	FALSE	TRUE	NA	NA
N162_BC02_tig00000149	2	N162_BC02	WEE226	HMBR049_02	HMBR051_02	AMP	HMBR049	Ward_4	Bed_Rail	Plastic	Empty	2	MDRO_wards	2	Phage	TRUE	TRUE	NA	NA
N162_BC02_tig00000179	14	N162_BC02	WEE226	HMBR049_02	HMBR051_02	AMP	HMBR049	Ward_4	Bed_Rail	Plastic	Empty	2	MDRO_wards	2	Phage	TRUE	TRUE	NA	NA
N162_BC02_tig00000936	7	N162_BC02	WEE226	HMBR049_02	HMBR051_02	AMP	HMBR049	Ward_4	Bed_Rail	Plastic	Empty	2	MDRO_wards	2	Phage	FALSE	TRUE	NA	NA
N163_BC04_tig00000099	70	N163_BC04	WEE105	HMBL100	HMBL102	AMP	HMBL100	Ward_3	Bedside_Locker	Wood	Empty	1	Standard_wards	4	Phage	FALSE	FALSE	NA	NA
N163_BC04_tig00000162	39	N163_BC04	WEE105	HMBL100	HMBL102	AMP	HMBL100	Ward_3	Bedside_Locker	Wood	Empty	1	Standard_wards	4	Phage	FALSE	FALSE	NA	VFDB|VFG002423
N163_BC11_tig00000087	1	N163_BC11	WEE173	HMCT013_02	HMCT015_02	AMP	HMCT013	Ward_1	Cardiac_Table	Metal_and_Wood	Empty	2	MDRO_wards	5	Phage	FALSE	FALSE	NA	NA
N163_BC11_tig00000333	20	N163_BC11	WEE173	HMCT013_02	HMCT015_02	AMP	HMCT013	Ward_1	Cardiac_Table	Metal_and_Wood	Empty	2	MDRO_wards	5	Phage	FALSE	FALSE	NA	NA
N163_BC11_tig00000404	22	N163_BC11	WEE173	HMCT013_02	HMCT015_02	AMP	HMCT013	Ward_1	Cardiac_Table	Metal_and_Wood	Empty	2	MDRO_wards	5	Phage	FALSE	FALSE	NA	NA
N163_BC12_tig00000018	1	N163_BC12	WEE173	HMCT013_02	HMCT015_02	KAN	HMCT013	Ward_1	Cardiac_Table	Metal_and_Wood	Empty	2	MDRO_wards	5	Phage	TRUE	FALSE	NA	NA
N164_BC01_tig00000022	1	N164_BC01	WEE173	HMCT013_02	HMCT015_02	TET	HMCT013	Ward_1	Cardiac_Table	Metal_and_Wood	Empty	2	MDRO_wards	5	Phage	TRUE	FALSE	NA	NA
N164_BC05_tig00000074	53	N164_BC05	WEE336	HMST027_02	HMST029_02	AMP	HMST027	Ward_4	Sink_Trap	Metal	Moderate_(2-5)	2	Standard_wards	NA	Phage	FALSE	TRUE	NA	NA
N164_BC08_tig00000022	4	N164_BC08	WEE336	HMST027_02	HMST029_02	STREP	HMST027	Ward_4	Sink_Trap	Metal	Moderate_(2-5)	2	Standard_wards	NA	Phage	FALSE	TRUE	NA	NA
N165_BC07_tig00000486	9	N165_BC07	WEE186	HMBL094_02	HMBL096_02	AMP	HMBL094	Ward_3	Bedside_Locker	Wood	Empty	2	Standard_wards	2	Phage	FALSE	FALSE	NA	NA
N165_BC09_tig00000224	47	N165_BC09	WEE186	HMBL094_02	HMBL096_02	TET	HMBL094	Ward_3	Bedside_Locker	Wood	Empty	2	Standard_wards	2	Phage	FALSE	TRUE	NA	NA
N166_BC05_tig00000313	33	N166_BC05	WEE217	HMP010_02	HMP012_02	STREP	HMP010	Ward_4	Pulse_Oxymeter	Rubber	Empty	2	MDRO_wards	NA	Phage	FALSE	FALSE	NA	NA
N167_BC05_tig00000098	2	N167_BC05	WEE216	HMBR043_02	HMBR045_02	AMP	HMBR043	Ward_3	Bed_Rail	Plastic	Low_(less_than_2)	2	MDRO_wards	5	Phage	TRUE	TRUE	NA	NA
N167_BC07_tig00000059	3	N167_BC07	WEE216	HMBR043_02	HMBR045_02	KAN	HMBR043	Ward_3	Bed_Rail	Plastic	Low_(less_than_2)	2	MDRO_wards	5	Phage	FALSE	FALSE	NA	NA
N168_BC07_tig00012204	45	N168_BC07	WEE238	HMBR124_02	HMBR126_02	TET	HMBR124	Room_2	Bed_Rail	Plastic	Empty	2	Isolation_rooms	NA	Phage	TRUE	TRUE	NA	NA
N170_BC07_tig00000108	43	N170_BC07	WEE125	HMA001_02	HMA003_02	TET	HMA001	Ward_1	Aerator	Metal	Empty	2	MDRO_wards	NA	Phage	FALSE	TRUE	NA	NA
N170_BC08_tig00000080	7	N170_BC08	WEE258	HMST010_02	HMST012_02	AMP	HMST010	Ward_4	Sink_Trap	Metal	Empty	2	MDRO_wards	NA	Phage	TRUE	TRUE	NA	NA
N170_BC10_tig00000084	1	N170_BC10	WEE258	HMST010_02	HMST012_02	KAN	HMST010	Ward_4	Sink_Trap	Metal	Empty	2	MDRO_wards	NA	Phage	FALSE	FALSE	NA	NA
N171_BC05_tig00000016	7	N171_BC05	WEE231	HMCT058_02	HMCT060_02	AMP	HMCT058	Ward_4	Cardiac_Table	Plastic_and_Wood	Empty	2	MDRO_wards	5	Phage	FALSE	TRUE	NA	NA
N171_BC05_tig00000092	69	N171_BC05	WEE231	HMCT058_02	HMCT060_02	AMP	HMCT058	Ward_4	Cardiac_Table	Plastic_and_Wood	Empty	2	MDRO_wards	5	Phage	FALSE	TRUE	NA	NA
N171_BC05_tig00000226	14	N171_BC05	WEE231	HMCT058_02	HMCT060_02	AMP	HMCT058	Ward_4	Cardiac_Table	Plastic_and_Wood	Empty	2	MDRO_wards	5	Phage	TRUE	TRUE	NA	NA
N171_BC05_tig00004562	2	N171_BC05	WEE231	HMCT058_02	HMCT060_02	AMP	HMCT058	Ward_4	Cardiac_Table	Plastic_and_Wood	Empty	2	MDRO_wards	5	Phage	TRUE	TRUE	NA	NA
N172_BC02_tig00000082	14	N172_BC02	WEE316	HMBL115_02	HMBL117_02	AMP	HMBL115	Ward_4	Bedside_Locker	Wood	Empty	2	Standard_wards	4	Phage	TRUE	TRUE	NA	NA
N172_BC02_tig00005035	2	N172_BC02	WEE316	HMBL115_02	HMBL117_02	AMP	HMBL115	Ward_4	Bedside_Locker	Wood	Empty	2	Standard_wards	4	Phage	TRUE	TRUE	NA	NA
N172_BC11_tig00000028	11	N172_BC11	WEE203	HMCT046_02	HMCT048_02	AMP	HMCT046	Ward_4	Cardiac_Table	Metal_and_Wood	Empty	2	MDRO_wards	1	Phage	TRUE	TRUE	NA	NA
N173_BC10_tig00000215	29	N173_BC10	WEE228	HMBL040_02	HMBL042_02	TET	HMBL040	Ward_3	Bedside_Locker	Wood	Empty	2	MDRO_wards	4	Phage	TRUE	FALSE	NA	NA
N173_BC10_tig00001392	29	N173_BC10	WEE228	HMBL040_02	HMBL042_02	TET	HMBL040	Ward_3	Bedside_Locker	Wood	Empty	2	MDRO_wards	4	Phage	FALSE	FALSE	NA	NA
N176_BC03_tig00008528	21	N176_BC03	WEE194	HMBL061_02	HMBL063_02	TET	HMBL061	Ward_1	Bedside_Locker	Wood	Empty	2	Standard_wards	1	Phage	TRUE	TRUE	NA	NA
N176_BC05_tig00000120	20	N176_BC05	WEE136	HMCT079_02	HMCT081_02	AMP	HMCT079	Ward_2	Cardiac_Table	Metal_and_Wood	Low_(less_than_2)	2	Standard_wards	2	Phage	FALSE	FALSE	NA	NA
N176_BC10_tig00000372	1	N176_BC10	WEE155	HMBL004_02	HMBL006_02	KAN	HMBL004	Ward_1	Bedside_Locker	Wood	Empty	2	MDRO_wards	2	Phage	FALSE	FALSE	NA	NA
N178_BC05_tig00000292	14	N178_BC05	WEE320	HMCT094_02	HMCT096_02	AMP	HMCT094	Ward_3	Cardiac_Table	Metal_and_Wood	Empty	2	Standard_wards	2	Phage	TRUE	TRUE	NA	NA
N178_BC05_tig00000338	7	N178_BC05	WEE320	HMCT094_02	HMCT096_02	AMP	HMCT094	Ward_3	Cardiac_Table	Metal_and_Wood	Empty	2	Standard_wards	2	Phage	TRUE	TRUE	NA	NA
N178_BC05_tig00000375	2	N178_BC05	WEE320	HMCT094_02	HMCT096_02	AMP	HMCT094	Ward_3	Cardiac_Table	Metal_and_Wood	Empty	2	Standard_wards	2	Phage	FALSE	TRUE	NA	NA
N178_BC10_tig00000001	63	N178_BC10	WEE130	HMBR082_02	HMBR084_02	AMP	HMBR082	Ward_2	Bed_Rail	Metal	Empty	2	Standard_wards	3	Phage	FALSE	TRUE	NA	NA
N178_BC10_tig00000216	2	N178_BC10	WEE130	HMBR082_02	HMBR084_02	AMP	HMBR082	Ward_2	Bed_Rail	Metal	Empty	2	Standard_wards	3	Phage	TRUE	TRUE	NA	NA
N178_BC10_tig00006017	7	N178_BC10	WEE130	HMBR082_02	HMBR084_02	AMP	HMBR082	Ward_2	Bed_Rail	Metal	Empty	2	Standard_wards	3	Phage	TRUE	TRUE	NA	NA
N179_BC12_tig00000122	14	N179_BC12	WEE221	HMBR034_02	HMBR036_02	AMP	HMBR034	Ward_3	Bed_Rail	Plastic	Empty	2	MDRO_wards	2	Phage	FALSE	TRUE	NA	NA
N179_BC12_tig00000174	7	N179_BC12	WEE221	HMBR034_02	HMBR036_02	AMP	HMBR034	Ward_3	Bed_Rail	Plastic	Empty	2	MDRO_wards	2	Phage	TRUE	TRUE	NA	NA
N179_BC12_tig00005311	2	N179_BC12	WEE221	HMBR034_02	HMBR036_02	AMP	HMBR034	Ward_3	Bed_Rail	Plastic	Empty	2	MDRO_wards	2	Phage	TRUE	TRUE	NA	NA
N182_BC06_tig00000347	2	N182_BC06	WEE101	HMCT067_02	HMCT069_02	AMP	HMCT067	Ward_1	Cardiac_Table	Metal	Empty	2	Standard_wards	3	Phage	TRUE	TRUE	NA	NA
N182_BC06_tig00000455	14	N182_BC06	WEE101	HMCT067_02	HMCT069_02	AMP	HMCT067	Ward_1	Cardiac_Table	Metal	Empty	2	Standard_wards	3	Phage	FALSE	TRUE	NA	NA
N182_BC06_tig00001291	71	N182_BC06	WEE101	HMCT067_02	HMCT069_02	AMP	HMCT067	Ward_1	Cardiac_Table	Metal	Empty	2	Standard_wards	3	Phage	FALSE	TRUE	NA	NA
N182_BC06_tig00001292	7	N182_BC06	WEE101	HMCT067_02	HMCT069_02	AMP	HMCT067	Ward_1	Cardiac_Table	Metal	Empty	2	Standard_wards	3	Phage	TRUE	TRUE	NA	NA
N182_BC10_tig00006457	1	N182_BC10	WEE154	HMBR007_02	HMBR009_02	KAN	HMBR007	Ward_1	Bed_Rail	Metal	Empty	2	MDRO_wards	3	Phage	FALSE	FALSE	NA	NA
N182_BC12_tig00000129	1	N182_BC12	WEE154	HMBR007_02	HMBR009_02	TET	HMBR007	Ward_1	Bed_Rail	Metal	Empty	2	MDRO_wards	3	Phage	TRUE	FALSE	NA	NA
N183_BC10_tig00000446	29	N183_BC10	WEE145	HMBR013_02	HMBR015_02	AMP	HMBR013	Ward_1	Bed_Rail	Metal	Empty	2	MDRO_wards	5	Phage	TRUE	FALSE	NA	NA
N183_BC11_tig00000133	1	N183_BC11	WEE145	HMBR013_02	HMBR015_02	TET	HMBR013	Ward_1	Bed_Rail	Metal	Empty	2	MDRO_wards	5	Phage	FALSE	FALSE	NA	NA
N183_BC11_tig00000159	16	N183_BC11	WEE145	HMBR013_02	HMBR015_02	TET	HMBR013	Ward_1	Bed_Rail	Metal	Empty	2	MDRO_wards	5	Phage	FALSE	FALSE	NA	NA
N183_BC12_tig00000353	7	N183_BC12	WEE199	HMBL037_02	HMBL039_02	AMP	HMBL037	Ward_3	Bedside_Locker	Wood	Empty	2	MDRO_wards	3	Phage	FALSE	TRUE	NA	NA
N186_BC07_tig00000953	60	N186_BC07	WEE155	HMBL004_02	HMBL006_02	AMP	HMBL004	Ward_1	Bedside_Locker	Wood	Empty	2	MDRO_wards	2	Phage	TRUE	FALSE	NA	NA
N186_BC07_tig00008088	7	N186_BC07	WEE155	HMBL004_02	HMBL006_02	AMP	HMBL004	Ward_1	Bedside_Locker	Wood	Empty	2	MDRO_wards	2	Phage	TRUE	TRUE	NA	NA
N186_BC08_tig00000177	2	N186_BC08	WEE248	HMBL052_02	HMBL054_02	AMP	HMBL052	Ward_4	Bedside_Locker	Wood	Empty	2	MDRO_wards	3	Phage	TRUE	TRUE	NA	NA
N186_BC08_tig00000217	14	N186_BC08	WEE248	HMBL052_02	HMBL054_02	AMP	HMBL052	Ward_4	Bedside_Locker	Wood	Empty	2	MDRO_wards	3	Phage	TRUE	TRUE	NA	NA
N186_BC09_tig00000245	2	N186_BC09	WEE104	HMBL085_02	HMBL087_02	AMP	HMBL085	Ward_2	Bedside_Locker	Wood	Moderate_(2-5)	2	Standard_wards	4	Phage	TRUE	TRUE	NA	NA
N186_BC09_tig00000488	48	N186_BC09	WEE104	HMBL085_02	HMBL087_02	AMP	HMBL085	Ward_2	Bedside_Locker	Wood	Moderate_(2-5)	2	Standard_wards	4	Phage	FALSE	FALSE	NA	NA
N186_BC09_tig00000554	59	N186_BC09	WEE104	HMBL085_02	HMBL087_02	AMP	HMBL085	Ward_2	Bedside_Locker	Wood	Moderate_(2-5)	2	Standard_wards	4	Phage	FALSE	TRUE	NA	NA
N186_BC09_tig00006575	7	N186_BC09	WEE104	HMBL085_02	HMBL087_02	AMP	HMBL085	Ward_2	Bedside_Locker	Wood	Moderate_(2-5)	2	Standard_wards	4	Phage	FALSE	TRUE	NA	NA
N186_BC09_tig00006579	14	N186_BC09	WEE104	HMBL085_02	HMBL087_02	AMP	HMBL085	Ward_2	Bedside_Locker	Wood	Moderate_(2-5)	2	Standard_wards	4	Phage	TRUE	TRUE	NA	NA
N186_BC10_tig00000182	2	N186_BC10	WEE129	HMBR079_02	HMBR081_02	AMP	HMBR079	Ward_2	Bed_Rail	Metal	Low_(less_than_2)	2	Standard_wards	2	Phage	TRUE	TRUE	NA	NA
N186_BC10_tig00000183	14	N186_BC10	WEE129	HMBR079_02	HMBR081_02	AMP	HMBR079	Ward_2	Bed_Rail	Metal	Low_(less_than_2)	2	Standard_wards	2	Phage	TRUE	TRUE	NA	NA
N186_BC10_tig00000184	49	N186_BC10	WEE129	HMBR079_02	HMBR081_02	AMP	HMBR079	Ward_2	Bed_Rail	Metal	Low_(less_than_2)	2	Standard_wards	2	Phage	FALSE	TRUE	NA	NA
N186_BC10_tig00000257	7	N186_BC10	WEE129	HMBR079_02	HMBR081_02	AMP	HMBR079	Ward_2	Bed_Rail	Metal	Low_(less_than_2)	2	Standard_wards	2	Phage	TRUE	TRUE	NA	NA
N188_BC03_tig00000010	7	N188_BC03	WEE209	HMP024_02	HMP026_02	AMP	HMP024	Ward_3	Pulse_Oxymeter	Rubber	Empty	2	Standard_wards	NA	Phage	TRUE	TRUE	NA	NA
N188_BC03_tig00000257	46	N188_BC03	WEE209	HMP024_02	HMP026_02	AMP	HMP024	Ward_3	Pulse_Oxymeter	Rubber	Empty	2	Standard_wards	NA	Phage	FALSE	FALSE	NA	NA
N188_BC05_tig00000223	6	N188_BC05	WEE209	HMP024_02	HMP026_02	KAN	HMP024	Ward_3	Pulse_Oxymeter	Rubber	Empty	2	Standard_wards	NA	Phage	FALSE	TRUE	NA	NA
N188_BC12_tig00000252	76	N188_BC12	WEE169	HMBR010_02	HMBR012_02	AMP	HMBR010	Ward_1	Bed_Rail	Metal	Empty	2	MDRO_wards	4	Phage	FALSE	TRUE	NA	NA
N191_BC12_tig00000083	4	N191_BC12	WEE274	HMST033_02	HMST035_02	STREP	HMST033	Room_2	Sink_Trap	Metal	Empty	2	Isolation_rooms	NA	Phage	FALSE	TRUE	NA	NA
N192_BC03_tig00000089	35	N192_BC03	WEE253	HMBR115_02	HMBR117_02	CHLOR	HMBR115	Ward_4	Bed_Rail	Plastic	Empty	2	Standard_wards	4	Phage	TRUE	TRUE	NA	NA
N192_BC06_tig00000279	27	N192_BC06	WEE250	HMCT037_02	HMCT039_02	AMP	HMCT037	Ward_3	Cardiac_Table	Metal_and_Wood	Empty	2	MDRO_wards	3	Phage	FALSE	TRUE	NA	NA
N194_BC12_tig00000082	14	N194_BC12	WEE034	HMBL130	HMBL132	BHI	HMBL130	Room_4	Bedside_Locker	Wood	Moderate_(2-5)	1	Isolation_rooms	NA	Phage	TRUE	TRUE	NA	NA
N194_BC12_tig00000108	7	N194_BC12	WEE034	HMBL130	HMBL132	BHI	HMBL130	Room_4	Bedside_Locker	Wood	Moderate_(2-5)	1	Isolation_rooms	NA	Phage	FALSE	TRUE	NA	NA
N195_BC06_tig00000766	26	N195_BC06	WEE280	HMBL010	HMBL012	STREP	HMBL010	Ward_1	Bedside_Locker	Wood	Empty	1	MDRO_wards	4	Phage	FALSE	TRUE	NA	NA
N195_BC09_tig00000384	14	N195_BC09	WEE319	HMCT046	HMCT048	KAN	HMCT046	Ward_4	Cardiac_Table	Metal_and_Wood	Empty	1	MDRO_wards	1	Phage	TRUE	TRUE	NA	NA
N195_BC11_tig00006268	29	N195_BC11	WEE192	HMBR004_02	HMBR006_02	CHLOR	HMBR004	Ward_1	Bed_Rail	Plastic	Empty	2	MDRO_wards	2	Phage	FALSE	FALSE	NA	NA
N196_BC04_tig00000307	2	N196_BC04	WEE113	HMCT070_02	HMCT072_02	AMP	HMCT070	Ward_1	Cardiac_Table	Metal_and_Wood	Low_(less_than_2)	2	Standard_wards	4	Phage	TRUE	TRUE	NA	NA
N196_BC04_tig00000377	14	N196_BC04	WEE113	HMCT070_02	HMCT072_02	AMP	HMCT070	Ward_1	Cardiac_Table	Metal_and_Wood	Low_(less_than_2)	2	Standard_wards	4	Phage	TRUE	TRUE	NA	NA
N197_BC05_tig00000320	14	N197_BC05	WEE119	HMBL088_02	HMBL090_02	AMP	HMBL088	Ward_2	Bedside_Locker	Wood	Empty	2	Standard_wards	5	Phage	TRUE	TRUE	NA	NA
N197_BC05_tig00000452	7	N197_BC05	WEE119	HMBL088_02	HMBL090_02	AMP	HMBL088	Ward_2	Bedside_Locker	Wood	Empty	2	Standard_wards	5	Phage	TRUE	TRUE	NA	NA
N198_BC08_tig00000455	20	N198_BC08	WEE227	HMBR031_02	HMBR033_02	AMP	HMBR031	Ward_3	Bed_Rail	Plastic	Empty	2	MDRO_wards	1	Phage	FALSE	FALSE	NA	NA
N199_BC05_tig00000284	7	N199_BC05	WEE174	HMCT007_02	HMCT009_02	AMP	HMCT007	Ward_1	Cardiac_Table	Metal_and_Wood	Empty	2	MDRO_wards	3	Phage	FALSE	TRUE	NA	NA
N199_BC08_tig00000169	46	N199_BC08	WEE174	HMCT007_02	HMCT009_02	TET	HMCT007	Ward_1	Cardiac_Table	Metal_and_Wood	Empty	2	MDRO_wards	3	Phage	FALSE	FALSE	NA	NA
N200_BC04_tig00000040	5	N200_BC04	WEE062	HMBR019_02	HMBR021_02	BHI	HMBR019	Ward_2	Bed_Rail	Metal	Empty	2	MDRO_wards	2	Phage	TRUE	FALSE	NA	NA
N200_BC08_tig00000245	20	N200_BC08	WEE121	HMCT082_02	HMCT084_02	BHI	HMCT082	Ward_2	Cardiac_Table	Metal	Empty	2	Standard_wards	3	Phage	FALSE	FALSE	NA	NA
N201_BC02_tig00000036	4	N201_BC02	WEE052	HMST030	HMST032	BHI	HMST030	Room_1	Sink_Trap	Metal	Low_(less_than_2)	1	Isolation_rooms	NA	Phage	FALSE	TRUE	NA	NA
N201_BC05_tig00002853	5	N201_BC05	WEE301	HMCT016	HMCT018	BHI	HMCT016	Ward_2	Cardiac_Table	Metal_and_Wood	Empty	1	MDRO_wards	1	Phage	FALSE	FALSE	NA	NA
N202_BC04_tig00000115	44	N202_BC04	WEE352	HMST018	HMST020	BHI	HMST018	Ward_1	Sink_Trap	Metal	Empty	1	Standard_wards	NA	Phage	TRUE	TRUE	NA	NA
N202_BC05_tig00000179	7	N202_BC05	WEE310	HMBR004	HMBR006	BHI	HMBR004	Ward_1	Bed_Rail	Metal	Empty	1	MDRO_wards	2	Phage	FALSE	TRUE	NA	NA
N202_BC05_tig00005959	2	N202_BC05	WEE310	HMBR004	HMBR006	BHI	HMBR004	Ward_1	Bed_Rail	Metal	Empty	1	MDRO_wards	2	Phage	TRUE	TRUE	NA	NA
N202_BC11_tig00000163	4	N202_BC11	WEE056	HMST039	HMST041	BHI	HMST039	Room_4	Sink_Trap	Metal	Moderate_(2-5)	1	Isolation_rooms	NA	Phage	FALSE	TRUE	NA	NA
N203_BC05_tig00000193	38	N203_BC05	WEE143	HMBL073	HMBL075	BHI	HMBL073	Ward_1	Bedside_Locker	Metal_and_Wood	Empty	1	Standard_wards	5	Phage	FALSE	FALSE	NA	NA
N204_BC01_tig00000002	45	N204_BC01	WEE084	HMCT061	HMCT063	BHI	HMCT061	Ward_1	Cardiac_Table	Metal	Empty	1	Standard_wards	1	Phage	TRUE	TRUE	NA	NA
N204_BC04_tig00000184	2	N204_BC04	WEE161	HMBR073	HMBR075	BHI	HMBR073	Ward_1	Bed_Rail	Plastic	Empty	1	Standard_wards	5	Phage	TRUE	TRUE	NA	NA
N204_BC04_tig00000865	7	N204_BC04	WEE161	HMBR073	HMBR075	BHI	HMBR073	Ward_1	Bed_Rail	Plastic	Empty	1	Standard_wards	5	Phage	TRUE	TRUE	NA	NA
N208_BC03_tig00000263	33	N208_BC03	WEE115	HMCT100	HMCT102	AMP	HMCT100	Ward_3	Cardiac_Table	Metal_and_Wood	Empty	1	Standard_wards	4	Phage	FALSE	FALSE	NA	NA
N208_BC08_tig00000166	2	N208_BC08	WEE345	HMBR103	HMBR105	BHI	HMBR103	Ward_3	Bed_Rail	Metal	Empty	1	Standard_wards	5	Phage	TRUE	TRUE	NA	NA
N208_BC08_tig00000897	7	N208_BC08	WEE345	HMBR103	HMBR105	BHI	HMBR103	Ward_3	Bed_Rail	Metal	Empty	1	Standard_wards	5	Phage	FALSE	TRUE	NA	NA
N208_BC11_tig00000195	52	N208_BC11	WEE312	HMCT022	HMCT024	BHI	HMCT022	Ward_2	Cardiac_Table	Metal_and_Wood	Empty	1	MDRO_wards	3	Phage	TRUE	FALSE	NA	NA
N209_BC03_tig00001013	57	N209_BC03	WEE081	HMBR076	HMBR078	BHI	HMBR076	Ward_2	Bed_Rail	Metal	Empty	1	Standard_wards	1	Phage	FALSE	TRUE	NA	NA
N209_BC10_tig00000047	5	N209_BC10	WEE148	HMCT064	HMCT066	BHI	HMCT064	Ward_1	Cardiac_Table	Metal	Empty	1	Standard_wards	2	Phage	TRUE	FALSE	NA	NA
N209_BC12_tig00000092	17	N209_BC12	WEE315	HMA004	HMA006	BHI	HMA004	Ward_2	Aerator	Metal	Empty	1	MDRO_wards	NA	Phage	TRUE	TRUE	NA	NA
N210_BC08_tig00000316	13	N210_BC08	WEE208	HMBR040	HMBR042	STREP	HMBR040	Ward_3	Bed_Rail	Plastic	Empty	1	MDRO_wards	4	Phage	TRUE	TRUE	NA	NA
N210_BC09_tig00000582	7	N210_BC09	WEE255	HMCT031	HMCT033	AMP	HMCT031	Ward_3	Cardiac_Table	Plastic	Empty	1	MDRO_wards	1	Phage	TRUE	TRUE	NA	NA
N210_BC09_tig00002411	41	N210_BC09	WEE255	HMCT031	HMCT033	AMP	HMCT031	Ward_3	Cardiac_Table	Plastic	Empty	1	MDRO_wards	1	Phage	FALSE	TRUE	NA	NA
N211_BC02_tig00001878	1	N211_BC02	WEE145	HMBR013_02	HMBR015_02	KAN	HMBR013	Ward_1	Bed_Rail	Metal	Empty	2	MDRO_wards	5	Phage	FALSE	FALSE	NA	NA
N211_BC02_tig00010887	46	N211_BC02	WEE145	HMBR013_02	HMBR015_02	KAN	HMBR013	Ward_1	Bed_Rail	Metal	Empty	2	MDRO_wards	5	Phage	FALSE	FALSE	NA	NA
N212_BC01_tig00000058	12	N212_BC01	WEE279	HMCT010	HMCT012	BHI	HMCT010	Ward_1	Cardiac_Table	Metal_and_Wood	Empty	1	MDRO_wards	4	Phage	TRUE	TRUE	NA	NA
N212_BC03_tig00004264	7	N212_BC03	WEE126	HMBR088_02	HMBR090_02	BHI	HMBR088	Ward_2	Bed_Rail	Metal	Empty	2	Standard_wards	5	Phage	TRUE	TRUE	NA	NA
N213_BC03_tig00004860	20	N213_BC03	WEE170	HMCT064_02	HMCT066_02	BHI	HMCT064	Ward_1	Cardiac_Table	Metal	Empty	2	Standard_wards	2	Phage	FALSE	FALSE	NA	NA
N213_BC05_tig00001077	4	N213_BC05	WEE053	HMST030_02	HMST032_02	BHI	HMST030	Room_1	Sink_Trap	Metal	Empty	2	Isolation_rooms	NA	Phage	FALSE	TRUE	NA	NA
N213_BC07_tig00000110	34	N213_BC07	WEE259	HMBR043	HMBR045	BHI	HMBR043	Ward_3	Bed_Rail	Plastic	Empty	1	MDRO_wards	5	Phage	TRUE	FALSE	NA	NA
N214_BC01_tig00000259	29	N214_BC01	WEE286	HMBL037	HMBL039	BHI	HMBL037	Ward_3	Bedside_Locker	Wood	Empty	1	MDRO_wards	3	Phage	FALSE	FALSE	NA	NA
N214_BC10_tig00007253	16	N214_BC10	WEE385	HMP024	HMP026	BHI	HMP024	Ward_3	Pulse_Oxymeter	Rubber	Empty	1	Standard_wards	NA	Phage	FALSE	FALSE	NA	NA
N215_BC06_tig00000217	5	N215_BC06	WEE254	HMBL031	HMBL033	BHI	HMBL031	Ward_3	Bedside_Locker	Wood	Empty	1	MDRO_wards	1	Phage	TRUE	FALSE	NA	NA
N215_BC07_tig00000196	2	N215_BC07	WEE319	HMCT046	HMCT048	BHI	HMCT046	Ward_4	Cardiac_Table	Metal_and_Wood	Empty	1	MDRO_wards	1	Phage	TRUE	TRUE	NA	NA
N215_BC07_tig00000206	14	N215_BC07	WEE319	HMCT046	HMCT048	BHI	HMCT046	Ward_4	Cardiac_Table	Metal_and_Wood	Empty	1	MDRO_wards	1	Phage	TRUE	TRUE	NA	NA
N215_BC11_tig00002433	4	N215_BC11	WEE152	HMST036	HMST038	BHI	HMST036	Room_3	Sink_Trap	Metal	Empty	1	Isolation_rooms	NA	Phage	FALSE	TRUE	NA	NA
N215_BC12_tig00011899	20	N215_BC12	WEE200	HMBR037_02	HMBR039_02	BHI	HMBR037	Ward_3	Bed_Rail	Plastic	Empty	2	MDRO_wards	3	Phage	FALSE	FALSE	NA	NA
N216_BC04_tig00000261	10	N216_BC04	WEE360	HMBR118	HMBR120	BHI	HMBR118	Ward_4	Bed_Rail	Plastic	Empty	1	Standard_wards	5	Phage	TRUE	TRUE	NA	NA
N216_BC04_tig00000263	23	N216_BC04	WEE360	HMBR118	HMBR120	BHI	HMBR118	Ward_4	Bed_Rail	Plastic	Empty	1	Standard_wards	5	Phage	TRUE	TRUE	NA	NA
N216_BC09_tig00000026	1	N216_BC09	WEE173	HMCT013_02	HMCT015_02	BHI	HMCT013	Ward_1	Cardiac_Table	Metal_and_Wood	Empty	2	MDRO_wards	5	Phage	FALSE	FALSE	NA	NA
N216_BC09_tig00000139	22	N216_BC09	WEE173	HMCT013_02	HMCT015_02	BHI	HMCT013	Ward_1	Cardiac_Table	Metal_and_Wood	Empty	2	MDRO_wards	5	Phage	FALSE	FALSE	NA	NA
N216_BC09_tig00002575	1	N216_BC09	WEE173	HMCT013_02	HMCT015_02	BHI	HMCT013	Ward_1	Cardiac_Table	Metal_and_Wood	Empty	2	MDRO_wards	5	Phage	FALSE	FALSE	NA	NA
N216_BC11_tig00000106	5	N216_BC11	WEE063	HMCT019_02	HMCT021_02	BHI	HMCT019	Ward_2	Cardiac_Table	Metal_and_Wood	Empty	2	MDRO_wards	2	Phage	TRUE	FALSE	NA	NA
N216_BC12_tig00000045	4	N216_BC12	WEE336	HMST027_02	HMST029_02	BHI	HMST027	Ward_4	Sink_Trap	Metal	Moderate_(2-5)	2	Standard_wards	NA	Phage	FALSE	TRUE	NA	NA
N217_BC09_tig00000104	14	N217_BC09	WEE216	HMBR043_02	HMBR045_02	BHI	HMBR043	Ward_3	Bed_Rail	Plastic	Low_(less_than_2)	2	MDRO_wards	5	Phage	TRUE	TRUE	NA	NA
N218_BC06_tig00000076	7	N218_BC06	WEE258	HMST010_02	HMST012_02	BHI	HMST010	Ward_4	Sink_Trap	Metal	Empty	2	MDRO_wards	NA	Phage	TRUE	TRUE	NA	NA
N218_BC08_tig00000081	2	N218_BC08	WEE033	HMBL127_02	HMBL129_02	BHI	HMBL127	Room_3	Bedside_Locker	Wood	Empty	2	Isolation_rooms	NA	Phage	TRUE	TRUE	NA	NA
N218_BC08_tig00000547	7	N218_BC08	WEE033	HMBL127_02	HMBL129_02	BHI	HMBL127	Room_3	Bedside_Locker	Wood	Empty	2	Isolation_rooms	NA	Phage	FALSE	TRUE	NA	NA
N218_BC09_tig00000063	11	N218_BC09	WEE123	HMST021_02	HMST023_02	BHI	HMST021	Ward_2	Sink_Trap	Metal	Moderate_(2-5)	2	Standard_wards	NA	Phage	TRUE	TRUE	NA	NA
N219_BC01_tig00000123	2	N219_BC01	WEE128	HMBL082_02	HMBL084_02	BHI	HMBL082	Ward_2	Bedside_Locker	Wood	Empty	2	Standard_wards	3	Phage	TRUE	TRUE	NA	NA
N219_BC01_tig00000192	14	N219_BC01	WEE128	HMBL082_02	HMBL084_02	BHI	HMBL082	Ward_2	Bedside_Locker	Wood	Empty	2	Standard_wards	3	Phage	TRUE	TRUE	NA	NA
N219_BC07_tig00000071	2	N219_BC07	WEE113	HMCT070_02	HMCT072_02	BHI	HMCT070	Ward_1	Cardiac_Table	Metal_and_Wood	Low_(less_than_2)	2	Standard_wards	4	Phage	TRUE	TRUE	NA	NA
N219_BC07_tig00005701	7	N219_BC07	WEE113	HMCT070_02	HMCT072_02	BHI	HMCT070	Ward_1	Cardiac_Table	Metal_and_Wood	Low_(less_than_2)	2	Standard_wards	4	Phage	FALSE	TRUE	NA	NA
N219_BC09_tig00000089	68	N219_BC09	WEE232	HMBL049_02	HMBL051_02	BHI	HMBL049	Ward_4	Bedside_Locker	Wood	Empty	2	MDRO_wards	2	Phage	FALSE	FALSE	NA	VFDB|VFG001328, VFDB|VFG002422, VFDB|VFG002423, VFDB|VFG001799
N220_BC09_tig00000244	2	N220_BC09	WEE251	HMCT049	HMCT051	BHI	HMCT049	Ward_4	Cardiac_Table	Metal_and_Wood	Empty	1	MDRO_wards	2	Phage	TRUE	TRUE	NA	NA
N220_BC09_tig00000261	14	N220_BC09	WEE251	HMCT049	HMCT051	BHI	HMCT049	Ward_4	Cardiac_Table	Metal_and_Wood	Empty	1	MDRO_wards	2	Phage	TRUE	TRUE	NA	NA
N220_BC09_tig00001836	7	N220_BC09	WEE251	HMCT049	HMCT051	BHI	HMCT049	Ward_4	Cardiac_Table	Metal_and_Wood	Empty	1	MDRO_wards	2	Phage	TRUE	TRUE	NA	NA
N220_BC10_tig00000136	5	N220_BC10	WEE344	HMP018_02	HMP020_02	BHI	HMP018	Ward_1	Pulse_Oxymeter	Rubber	Empty	2	Standard_wards	NA	Phage	TRUE	FALSE	NA	NA
N221_BC07_tig00000514	20	N221_BC07	WEE136	HMCT079_02	HMCT081_02	BHI	HMCT079	Ward_2	Cardiac_Table	Metal_and_Wood	Low_(less_than_2)	2	Standard_wards	2	Phage	FALSE	FALSE	NA	NA
N221_BC08_tig00000323	7	N221_BC08	WEE155	HMBL004_02	HMBL006_02	BHI	HMBL004	Ward_1	Bedside_Locker	Wood	Empty	2	MDRO_wards	2	Phage	TRUE	TRUE	NA	NA
N221_BC09_tig00000109	7	N221_BC09	WEE104	HMBL085_02	HMBL087_02	BHI	HMBL085	Ward_2	Bedside_Locker	Wood	Moderate_(2-5)	2	Standard_wards	4	Phage	TRUE	TRUE	NA	NA
N221_BC09_tig00005251	14	N221_BC09	WEE104	HMBL085_02	HMBL087_02	BHI	HMBL085	Ward_2	Bedside_Locker	Wood	Moderate_(2-5)	2	Standard_wards	4	Phage	TRUE	TRUE	NA	NA
N221_BC10_tig00000137	2	N221_BC10	WEE320	HMCT094_02	HMCT096_02	BHI	HMCT094	Ward_3	Cardiac_Table	Metal_and_Wood	Empty	2	Standard_wards	2	Phage	TRUE	TRUE	NA	NA
N221_BC10_tig00000142	14	N221_BC10	WEE320	HMCT094_02	HMCT096_02	BHI	HMCT094	Ward_3	Cardiac_Table	Metal_and_Wood	Empty	2	Standard_wards	2	Phage	TRUE	TRUE	NA	NA
N221_BC11_tig00000038	68	N221_BC11	WEE129	HMBR079_02	HMBR081_02	BHI	HMBR079	Ward_2	Bed_Rail	Metal	Low_(less_than_2)	2	Standard_wards	2	Phage	FALSE	FALSE	NA	VFDB|VFG001328, VFDB|VFG002422, VFDB|VFG002423, VFDB|VFG001799
N221_BC11_tig00000068	7	N221_BC11	WEE129	HMBR079_02	HMBR081_02	BHI	HMBR079	Ward_2	Bed_Rail	Metal	Low_(less_than_2)	2	Standard_wards	2	Phage	TRUE	TRUE	NA	NA
N221_BC12_tig00000241	14	N221_BC12	WEE130	HMBR082_02	HMBR084_02	BHI	HMBR082	Ward_2	Bed_Rail	Metal	Empty	2	Standard_wards	3	Phage	TRUE	TRUE	NA	NA
N222_BC04_tig00000137	14	N222_BC04	WEE221	HMBR034_02	HMBR036_02	BHI	HMBR034	Ward_3	Bed_Rail	Plastic	Empty	2	MDRO_wards	2	Phage	TRUE	TRUE	NA	NA
N222_BC04_tig00004747	2	N222_BC04	WEE221	HMBR034_02	HMBR036_02	BHI	HMBR034	Ward_3	Bed_Rail	Plastic	Empty	2	MDRO_wards	2	Phage	FALSE	TRUE	NA	NA
N222_BC09_tig00000002	67	N222_BC09	WEE101	HMCT067_02	HMCT069_02	BHI	HMCT067	Ward_1	Cardiac_Table	Metal	Empty	2	Standard_wards	3	Phage	FALSE	TRUE	NA	NA
N222_BC09_tig00000054	7	N222_BC09	WEE101	HMCT067_02	HMCT069_02	BHI	HMCT067	Ward_1	Cardiac_Table	Metal	Empty	2	Standard_wards	3	Phage	FALSE	TRUE	NA	NA
N222_BC10_tig00000285	1	N222_BC10	WEE154	HMBR007_02	HMBR009_02	BHI	HMBR007	Ward_1	Bed_Rail	Metal	Empty	2	MDRO_wards	3	Phage	FALSE	FALSE	NA	NA
N223_BC02_tig00000242	7	N223_BC02	WEE199	HMBL037_02	HMBL039_02	BHI	HMBL037	Ward_3	Bedside_Locker	Wood	Empty	2	MDRO_wards	3	Phage	FALSE	TRUE	NA	NA
N223_BC11_tig00017641	62	N223_BC11	WEE334	HMBR112_02	HMBR114_02	BHI	HMBR112	Ward_4	Bed_Rail	Plastic	Empty	2	Standard_wards	3	Phage	FALSE	TRUE	NA	NA
N223_BC12_tig00005538	72	N223_BC12	WEE252	HMCT091_02	HMCT093_02	BHI	HMCT091	Ward_3	Cardiac_Table	Metal_and_Wood	Empty	2	Standard_wards	1	Phage	FALSE	FALSE	NA	NA
N224_BC04_tig00000089	35	N224_BC04	WEE253	HMBR115_02	HMBR117_02	BHI	HMBR115	Ward_4	Bed_Rail	Plastic	Empty	2	Standard_wards	4	Phage	TRUE	TRUE	NA	NA
N224_BC04_tig00002236	36	N224_BC04	WEE253	HMBR115_02	HMBR117_02	BHI	HMBR115	Ward_4	Bed_Rail	Plastic	Empty	2	Standard_wards	4	Phage	FALSE	FALSE	NA	NA
N224_BC04_tig00002237	36	N224_BC04	WEE253	HMBR115_02	HMBR117_02	BHI	HMBR115	Ward_4	Bed_Rail	Plastic	Empty	2	Standard_wards	4	Phage	FALSE	FALSE	NA	NA
N224_BC05_tig00000136	27	N224_BC05	WEE250	HMCT037_02	HMCT039_02	BHI	HMCT037	Ward_3	Cardiac_Table	Metal_and_Wood	Empty	2	MDRO_wards	3	Phage	TRUE	TRUE	NA	NA
N224_BC09_tig00000303	7	N224_BC09	WEE174	HMCT007_02	HMCT009_02	BHI	HMCT007	Ward_1	Cardiac_Table	Metal_and_Wood	Empty	2	MDRO_wards	3	Phage	FALSE	TRUE	NA	NA
N224_BC11_tig00003083	50	N224_BC11	WEE064	HMBL022_02	HMBL024_02	BHI	HMBL022	Ward_2	Bedside_Locker	Wood	Empty	2	MDRO_wards	3	Phage	FALSE	FALSE	NA	NA
N224_BC11_tig00003084	5	N224_BC11	WEE064	HMBL022_02	HMBL024_02	BHI	HMBL022	Ward_2	Bedside_Locker	Wood	Empty	2	MDRO_wards	3	Phage	TRUE	FALSE	NA	NA
N224_BC12_tig00000154	5	N224_BC12	WEE064	HMBL022_02	HMBL024_02	AMP	HMBL022	Ward_2	Bedside_Locker	Wood	Empty	2	MDRO_wards	3	Phage	TRUE	FALSE	NA	NA
N225_BC04_tig00000255	28	N225_BC04	WEE187	HMBR052	HMBR054	AMP	HMBR052	Ward_4	Bed_Rail	Plastic	Low_(less_than_2)	1	MDRO_wards	3	Phage	FALSE	FALSE	NA	NA
N225_BC11_tig00000943	25	N225_BC11	WEE159	HMBL079	HMBL081	AMP	HMBL079	Ward_2	Bedside_Locker	Wood	Empty	1	Standard_wards	2	Phage	FALSE	TRUE	NA	NA
N227_BC03_tig00001515	20	N227_BC03	WEE339	HMBR103_02	HMBR105_02	AMP	HMBR103	Ward_3	Bed_Rail	Metal	Empty	2	Standard_wards	5	Phage	FALSE	FALSE	NA	NA
N228_BC02_tig00000128	26	N228_BC02	WEE036	HMBR121_02	HMBR123_02	BHI	HMBR121	Room_1	Bed_Rail	Metal	Empty	2	Isolation_rooms	NA	Phage	TRUE	TRUE	NA	NA
N228_BC04_tig00008867	26	N228_BC04	WEE228	HMBL040_02	HMBL042_02	BHI	HMBL040	Ward_3	Bedside_Locker	Wood	Empty	2	MDRO_wards	4	Phage	TRUE	TRUE	NA	NA
N229_BC01_tig00000088	5	N229_BC01	WEE064	HMBL022_02	HMBL024_02	TET	HMBL022	Ward_2	Bedside_Locker	Wood	Empty	2	MDRO_wards	3	Phage	TRUE	FALSE	NA	NA
N229_BC02_tig00000038	19	N229_BC02	WEE037	HMBR127_02	HMBR129_02	BHI	HMBR127	Room_3	Bed_Rail	Plastic	Empty	2	Isolation_rooms	NA	Phage	TRUE	TRUE	NA	NA
N229_BC02_tig00010247	18	N229_BC02	WEE037	HMBR127_02	HMBR129_02	BHI	HMBR127	Room_3	Bed_Rail	Plastic	Empty	2	Isolation_rooms	NA	Phage	TRUE	FALSE	NA	NA
N229_BC03_tig00000211	19	N229_BC03	WEE037	HMBR127_02	HMBR129_02	CHLOR	HMBR127	Room_3	Bed_Rail	Plastic	Empty	2	Isolation_rooms	NA	Phage	TRUE	TRUE	NA	NA
N229_BC04_tig00000116	18	N229_BC04	WEE037	HMBR127_02	HMBR129_02	TET	HMBR127	Room_3	Bed_Rail	Plastic	Empty	2	Isolation_rooms	NA	Phage	TRUE	FALSE	NA	NA
N229_BC04_tig00000121	32	N229_BC04	WEE037	HMBR127_02	HMBR129_02	TET	HMBR127	Room_3	Bed_Rail	Plastic	Empty	2	Isolation_rooms	NA	Phage	TRUE	TRUE	NA	NA
N229_BC08_tig00000047	8	N229_BC08	WEE077	HMBL076_02	HMBL078_02	BHI	HMBL076	Ward_2	Bedside_Locker	Wood	Empty	2	Standard_wards	1	Phage	TRUE	TRUE	NA	NA
N229_BC10_tig00004983	8	N229_BC10	WEE077	HMBL076_02	HMBL078_02	TET	HMBL076	Ward_2	Bedside_Locker	Wood	Empty	2	Standard_wards	1	Phage	TRUE	TRUE	NA	NA
N230_BC03_tig00000681	26	N230_BC03	WEE244	HMBR058	HMBR060	AMP	HMBR058	Ward_4	Bed_Rail	Plastic	Empty	1	MDRO_wards	5	Phage	FALSE	TRUE	NA	NA
N230_BC05_tig00000657	13	N230_BC05	WEE208	HMBR040	HMBR042	CHLOR	HMBR040	Ward_3	Bed_Rail	Plastic	Empty	1	MDRO_wards	4	Phage	FALSE	TRUE	NA	NA
N230_BC11_tig00003556	45	N230_BC11	WEE108	HMBR085	HMBR087	CHLOR	HMBR085	Ward_2	Bed_Rail	Metal	Empty	1	Standard_wards	4	Phage	TRUE	TRUE	NA	NA
N232_BC01_tig00000187	29	N232_BC01	WEE198	HMBR001_02	HMBR003_02	TET	HMBR001	Ward_1	Bed_Rail	Metal	Empty	2	MDRO_wards	1	Phage	TRUE	FALSE	NA	NA
N232_BC01_tig00000782	16	N232_BC01	WEE198	HMBR001_02	HMBR003_02	TET	HMBR001	Ward_1	Bed_Rail	Metal	Empty	2	MDRO_wards	1	Phage	FALSE	FALSE	NA	NA
N232_BC01_tig00004772	29	N232_BC01	WEE198	HMBR001_02	HMBR003_02	TET	HMBR001	Ward_1	Bed_Rail	Metal	Empty	2	MDRO_wards	1	Phage	FALSE	FALSE	NA	NA
N232_BC03_tig00000506	29	N232_BC03	WEE116	HMCT115	HMCT117	AMP	HMCT115	Ward_4	Cardiac_Table	Metal	Empty	1	Standard_wards	4	Phage	TRUE	FALSE	NA	NA
N232_BC07_tig00000964	45	N232_BC07	WEE218	HMBR130_02	HMBR132_02	AMP	HMBR130	Room_4	Bed_Rail	Plastic	Empty	2	Isolation_rooms	NA	Phage	FALSE	TRUE	NA	NA
N233_BC04_tig00000420	25	N233_BC04	WEE159	HMBL079	HMBL081	BHI	HMBL079	Ward_2	Bedside_Locker	Wood	Empty	1	Standard_wards	2	Phage	FALSE	TRUE	NA	NA
N233_BC06_tig00000027	18	N233_BC06	WEE037	HMBR127_02	HMBR129_02	AMP	HMBR127	Room_3	Bed_Rail	Plastic	Empty	2	Isolation_rooms	NA	Phage	TRUE	FALSE	NA	NA
N233_BC07_tig00000270	19	N233_BC07	WEE037	HMBR127_02	HMBR129_02	KAN	HMBR127	Room_3	Bed_Rail	Plastic	Empty	2	Isolation_rooms	NA	Phage	FALSE	TRUE	NA	NA
N233_BC08_tig00000186	32	N233_BC08	WEE037	HMBR127_02	HMBR129_02	STREP	HMBR127	Room_3	Bed_Rail	Plastic	Empty	2	Isolation_rooms	NA	Phage	TRUE	TRUE	NA	NA
N233_BC10_tig00000269	8	N233_BC10	WEE077	HMBL076_02	HMBL078_02	AMP	HMBL076	Ward_2	Bedside_Locker	Wood	Empty	2	Standard_wards	1	Phage	TRUE	TRUE	NA	NA
N235_BC02_tig00000402	2	N235_BC02	WEE162	HMBL076	HMBL078	AMP	HMBL076	Ward_2	Bedside_Locker	Wood	Empty	1	Standard_wards	1	Phage	TRUE	TRUE	NA	NA
N235_BC02_tig00000429	14	N235_BC02	WEE162	HMBL076	HMBL078	AMP	HMBL076	Ward_2	Bedside_Locker	Wood	Empty	1	Standard_wards	1	Phage	TRUE	TRUE	NA	NA
N235_BC02_tig00000664	7	N235_BC02	WEE162	HMBL076	HMBL078	AMP	HMBL076	Ward_2	Bedside_Locker	Wood	Empty	1	Standard_wards	1	Phage	TRUE	TRUE	NA	NA
N235_BC11_tig00014728	13	N235_BC11	WEE140	HMBL007_02	HMBL009_02	STREP	HMBL007	Ward_1	Bedside_Locker	Wood	Empty	2	MDRO_wards	3	Phage	TRUE	TRUE	NA	NA
N236_BC04_tig00000013	55	N236_BC04	WEE071	HMBL028_02	HMBL030_02	AMP	HMBL028	Ward_2	Bedside_Locker	Wood	Empty	2	MDRO_wards	5	Phage	FALSE	FALSE	NA	NA
N236_BC05_tig00000573	21	N236_BC05	WEE194	HMBL061_02	HMBL063_02	AMP	HMBL061	Ward_1	Bedside_Locker	Wood	Empty	2	Standard_wards	1	Phage	TRUE	TRUE	NA	NA
N236_BC05_tig00000879	56	N236_BC05	WEE194	HMBL061_02	HMBL063_02	AMP	HMBL061	Ward_1	Bedside_Locker	Wood	Empty	2	Standard_wards	1	Phage	FALSE	TRUE	NA	NA
N236_BC06_tig00000074	17	N236_BC06	WEE298	HMA039_02	HMA041_02	AMP	HMA039	Room_4	Aerator	Metal	Moderate_(2-5)	2	Isolation_rooms	NA	Phage	FALSE	TRUE	NA	NA
N236_BC07_tig00000115	17	N236_BC07	WEE298	HMA039_02	HMA041_02	KAN	HMA039	Room_4	Aerator	Metal	Moderate_(2-5)	2	Isolation_rooms	NA	Phage	FALSE	TRUE	NA	NA
N236_BC09_tig00000129	20	N236_BC09	WEE252	HMCT091_02	HMCT093_02	AMP	HMCT091	Ward_3	Cardiac_Table	Metal_and_Wood	Empty	2	Standard_wards	1	Phage	FALSE	FALSE	NA	NA
N236_BC12_tig00000090	73	N236_BC12	WEE164	HMCT085	HMCT087	BHI	HMCT085	Ward_2	Cardiac_Table	Metal_and_Wood	Empty	1	Standard_wards	4	Phage	TRUE	TRUE	NA	NA
N237_BC07_tig00000211	2	N237_BC07	WEE248	HMBL052_02	HMBL054_02	BHI	HMBL052	Ward_4	Bedside_Locker	Wood	Empty	2	MDRO_wards	3	Phage	TRUE	TRUE	NA	NA
N237_BC07_tig00000237	14	N237_BC07	WEE248	HMBL052_02	HMBL054_02	BHI	HMBL052	Ward_4	Bedside_Locker	Wood	Empty	2	MDRO_wards	3	Phage	TRUE	TRUE	NA	NA
N237_BC10_tig00000078	2	N237_BC10	WEE202	HMCT040_02	HMCT042_02	BHI	HMCT040	Ward_3	Cardiac_Table	Metal_and_Wood	Empty	2	MDRO_wards	4	Phage	FALSE	TRUE	NA	NA
N239_BC04_tig00000308	14	N239_BC04	WEE042	HMCT121_02	HMCT123_02	AMP	HMCT121	Room_1	Cardiac_Table	Plastic_and_Wood	Empty	2	Isolation_rooms	NA	Phage	TRUE	TRUE	NA	NA
N239_BC04_tig00000396	7	N239_BC04	WEE042	HMCT121_02	HMCT123_02	AMP	HMCT121	Room_1	Cardiac_Table	Plastic_and_Wood	Empty	2	Isolation_rooms	NA	Phage	TRUE	TRUE	NA	NA
N239_BC04_tig00000463	2	N239_BC04	WEE042	HMCT121_02	HMCT123_02	AMP	HMCT121	Room_1	Cardiac_Table	Plastic_and_Wood	Empty	2	Isolation_rooms	NA	Phage	FALSE	TRUE	NA	NA
N240_BC08_tig00000037	7	N240_BC08	WEE078	HMBL091	HMBL093	BHI	HMBL091	Ward_3	Bedside_Locker	Wood	Empty	1	Standard_wards	1	Phage	FALSE	TRUE	NA	NA
