Row.names	clusters	Nanopore_ID	Species	Sequence_size	N50	AR_gene_list	Genome_quality	Assembler	Illumina_Library_ID	Sample_ID.x	Culturing_Sample_ID	Antibiotics	Sample_ID.y	Cubicle_room	Sample_type	Material	Human_Traffic	timept	Room_type	bed_number	strain	input_distance_matrix
s_4028	5	N136_BC02	Pseudomonas_aeruginosa	6863185	359672	SulI;CatB7;Aph3-IIb;	HIGH_QUAL	Canu	WEE261	HMST004	HMST006	KAN	HMST004	Ward_2	Sink_Trap	Metal	Empty	1	MDRO_wards	NA	s5	../tables/Pseudomonas_aeruginosa_canu_mummer_heatmap.dat
s_4029	1	N136_BC04	Pseudomonas_aeruginosa	6627830	6562082	Aph3-IIb;CatB7;OXA-50;	HIGH_QUAL	Canu	WEE166	HMBL133	HMBL135	CHLOR	HMBL133	Room_5	Bedside_Locker	Wood	Moderate_(2-5)	1	Isolation_rooms	NA	s1	../tables/Pseudomonas_aeruginosa_canu_mummer_heatmap.dat
s_4030	1	N136_BC12	Pseudomonas_aeruginosa	6611257	993024	OXA-50;CatB7;Aph3-IIb;	HIGH_QUAL	Canu	WEE141	HMST042	HMST044	AMP	HMST042	Room_5	Sink_Trap	Metal	Moderate_(2-5)	1	Isolation_rooms	NA	s1	../tables/Pseudomonas_aeruginosa_canu_mummer_heatmap.dat
s_4031	1	N137_BC01	Pseudomonas_aeruginosa	6620590	851604	OXA-50;Aph3-IIb;CatB7;	HIGH_QUAL	Canu	WEE141	HMST042	HMST044	CHLOR	HMST042	Room_5	Sink_Trap	Metal	Moderate_(2-5)	1	Isolation_rooms	NA	s1	../tables/Pseudomonas_aeruginosa_canu_mummer_heatmap.dat
s_4032	1	N137_BC02	Pseudomonas_aeruginosa	6586422	1348951	OXA-50;Aph3-IIb;CatB7;	HIGH_QUAL	Canu	WEE141	HMST042	HMST044	KAN	HMST042	Room_5	Sink_Trap	Metal	Moderate_(2-5)	1	Isolation_rooms	NA	s1	../tables/Pseudomonas_aeruginosa_canu_mummer_heatmap.dat
s_4033	6	N137_BC04	Pseudomonas_aeruginosa	6804621	780064	Aph3-IIb;AacAad;SulI;OXA-50;CatB7;	HIGH_QUAL	Canu	WEE041	HMCT121	HMCT123	CHLOR	HMCT121	Room_1	Cardiac_Table	Metal	Low_(less_than_2)	1	Isolation_rooms	NA	s6	../tables/Pseudomonas_aeruginosa_canu_mummer_heatmap.dat
s_4039	1	N150_BC05	Pseudomonas_aeruginosa	6590092	6524716	OXA-50;CatB7;Aph3-IIb;	HIGH_QUAL	Canu	WEE166	HMBL133	HMBL135	AMP	HMBL133	Room_5	Bedside_Locker	Wood	Moderate_(2-5)	1	Isolation_rooms	NA	s1	../tables/Pseudomonas_aeruginosa_canu_mummer_heatmap.dat
s_4040	1	N150_BC06	Pseudomonas_aeruginosa	6560980	6495893	Aph3-IIb;OXA-50;CatB7;	HIGH_QUAL	Canu	WEE166	HMBL133	HMBL135	KAN	HMBL133	Room_5	Bedside_Locker	Wood	Moderate_(2-5)	1	Isolation_rooms	NA	s1	../tables/Pseudomonas_aeruginosa_canu_mummer_heatmap.dat
s_4041	1	N150_BC07	Pseudomonas_aeruginosa	6252074	166690	CatB7;Aph3-IIb;OXA-50;	HIGH_QUAL	Canu	WEE141	HMST042	HMST044	TET	HMST042	Room_5	Sink_Trap	Metal	Moderate_(2-5)	1	Isolation_rooms	NA	s1	../tables/Pseudomonas_aeruginosa_canu_mummer_heatmap.dat
s_4046	3	N157_BC08	Pseudomonas_aeruginosa	5907411	144948	CatB7;OXA-50;Aph3-IIb;	HIGH_QUAL	Canu	WEE346	HMST027	HMST029	CHLOR	HMST027	Ward_4	Sink_Trap	Metal	Empty	1	Standard_wards	NA	s3	../tables/Pseudomonas_aeruginosa_canu_mummer_heatmap.dat
s_4049	3	N162_BC01	Pseudomonas_aeruginosa	6037877	4114812	OXA-50;CatB7;	HIGH_QUAL	Canu	WEE346	HMST027	HMST029	TET	HMST027	Ward_4	Sink_Trap	Metal	Empty	1	Standard_wards	NA	s3	../tables/Pseudomonas_aeruginosa_canu_mummer_heatmap.dat
s_4057	2	N170_BC09	Pseudomonas_aeruginosa	6630717	6061392	Aph3-IIb;OXA-50;CatB7;	HIGH_QUAL	Canu	WEE258	HMST010_02	HMST012_02	CHLOR	HMST010	Ward_4	Sink_Trap	Metal	Empty	2	MDRO_wards	NA	s2	../tables/Pseudomonas_aeruginosa_canu_mummer_heatmap.dat
s_4074	4	N199_BC12	Pseudomonas_aeruginosa	6575854	6510619	OXA-50;CatB7;Aph3-IIb;	HIGH_QUAL	Canu	WEE111	HMBR115	HMBR117	CHLOR	HMBR115	Ward_4	Bed_Rail	Plastic	Empty	1	Standard_wards	4	s4	../tables/Pseudomonas_aeruginosa_canu_mummer_heatmap.dat
s_4080	3	N211_BC01	Pseudomonas_aeruginosa	5811594	111612	OXA-50;Aph3-IIb;CatB7;	HIGH_QUAL	Canu	WEE346	HMST027	HMST029	KAN	HMST027	Ward_4	Sink_Trap	Metal	Empty	1	Standard_wards	NA	s3	../tables/Pseudomonas_aeruginosa_canu_mummer_heatmap.dat
s_4082	1	N211_BC09	Pseudomonas_aeruginosa	7011088	217865	OXA-50;CatB7;	HIGH_QUAL	Canu	WEE141	HMST042	HMST044	BHI	HMST042	Room_5	Sink_Trap	Metal	Moderate_(2-5)	1	Isolation_rooms	NA	s1	../tables/Pseudomonas_aeruginosa_canu_mummer_heatmap.dat
s_4087	2	N218_BC06	Pseudomonas_aeruginosa	6667189	6601051	Aph3-IIb;OXA-50;CatB7;	HIGH_QUAL	Canu	WEE258	HMST010_02	HMST012_02	BHI	HMST010	Ward_4	Sink_Trap	Metal	Empty	2	MDRO_wards	NA	s2	../tables/Pseudomonas_aeruginosa_canu_mummer_heatmap.dat
s_4089	2	N220_BC03	Pseudomonas_aeruginosa	6593684	916698	Aph3-IIb;CatB7;OXA-50;	HIGH_QUAL	Canu	WEE258	HMST010_02	HMST012_02	TET	HMST010	Ward_4	Sink_Trap	Metal	Empty	2	MDRO_wards	NA	s2	../tables/Pseudomonas_aeruginosa_canu_mummer_heatmap.dat
s_4097	1	N229_BC09	Pseudomonas_aeruginosa	6616489	6550853	Aph3-IIb;CatB7;OXA-50;	HIGH_QUAL	Canu	WEE166	HMBL133	HMBL135	STREP	HMBL133	Room_5	Bedside_Locker	Wood	Moderate_(2-5)	1	Isolation_rooms	NA	s1	../tables/Pseudomonas_aeruginosa_canu_mummer_heatmap.dat
s_4100	1	N231_BC07	Pseudomonas_aeruginosa	6674094	6560745	Aph3-IIb;CatB7;OXA-50;	HIGH_QUAL	Canu	WEE166	HMBL133	HMBL135	TET	HMBL133	Room_5	Bedside_Locker	Wood	Moderate_(2-5)	1	Isolation_rooms	NA	s1	../tables/Pseudomonas_aeruginosa_canu_mummer_heatmap.dat
s_3452	1	N107_BC04	Enterococcus_faecium	3104403	319026	Aac6-Aph2;TetM;TetM;Aac6-Ii;MsrC;	HIGH_QUAL	Canu	WEE181	HMP018	HMP020	STREP	HMP018	Ward_1	Pulse_Oxymeter	Rubber	Empty	1	Standard_wards	NA	s1	../tables/Enterococcus_faecium_canu_mummer_heatmap.dat
s_3453	1	N107_BC06	Enterococcus_faecium	2911153	2422110	Aac6-Ii;TetM;MsrC;	HIGH_QUAL	Canu	WEE062	HMBR019_02	HMBR021_02	STREP	HMBR019	Ward_2	Bed_Rail	Metal	Empty	2	MDRO_wards	2	s1	../tables/Enterococcus_faecium_canu_mummer_heatmap.dat
s_3457	1	N110_BC10	Enterococcus_faecium	3021916	2570385	VanX-M;VanH-Pt;Spc;VanY-A;VanS-A;VanR-A;ErmA;VanA;Dfr;MsrC;Aac6-Ii;	HIGH_QUAL	Canu	WEE345	HMBR103	HMBR105	CHLOR	HMBR103	Ward_3	Bed_Rail	Metal	Empty	1	Standard_wards	5	s1	../tables/Enterococcus_faecium_canu_mummer_heatmap.dat
s_3458	1	N110_BC11	Enterococcus_faecium	3064734	2849054	Spc;ErmA;Aac6-Ii;Dfr;MsrC;VanX-M;Spc;VanH-Pt;ErmA;VanA;VanS-A;VanY-A;VanR-A;	HIGH_QUAL	Canu	WEE345	HMBR103	HMBR105	KAN	HMBR103	Ward_3	Bed_Rail	Metal	Empty	1	Standard_wards	5	s1	../tables/Enterococcus_faecium_canu_mummer_heatmap.dat
s_3459	1	N110_BC12	Enterococcus_faecium	3020965	742985	Dfr;Spc;ErmA;VanX-M;VanH-Pt;VanA;VanR-A;VanY-A;Spc;Aac6-Ii;ErmA;MsrC;	HIGH_QUAL	Canu	WEE345	HMBR103	HMBR105	STREP	HMBR103	Ward_3	Bed_Rail	Metal	Empty	1	Standard_wards	5	s1	../tables/Enterococcus_faecium_canu_mummer_heatmap.dat
s_3468	1	N154_BC05	Enterococcus_faecium	2802233	2270656	TetL;ErmB;ErmC;Aac6-Ii;Dfr;TetL;LinB;TetM;TetM;Dfr;Dfr;Dfr;MsrC;	HIGH_QUAL	Canu	WEE311	HMBL046	HMBL048	TET	HMBL046	Ward_4	Bedside_Locker	Wood	Empty	1	MDRO_wards	1	s1	../tables/Enterococcus_faecium_canu_mummer_heatmap.dat
s_3469	1	N155_BC04	Enterococcus_faecium	3003517	2973654	VanX-M;VanH-Pt;Aac6-Ii;TetL;VanS-A;TetL;ErmB;VanY-A;VanA;VanR-A;Aac6-Aph2;LinB;Dfr;Dfr;ErmC;MsrC;TetM;TetM;	HIGH_QUAL	Canu	WEE311	HMBL046	HMBL048	KAN	HMBL046	Ward_4	Bedside_Locker	Wood	Empty	1	MDRO_wards	1	s1	../tables/Enterococcus_faecium_canu_mummer_heatmap.dat
s_3473	1	N156_BC10	Enterococcus_faecium	3058256	2877694	Spc;Aac6-Ii;ErmA;Dfr;MsrC;VanX-M;VanY-A;VanH-Pt;Spc;VanS-A;ErmA;VanA;	HIGH_QUAL	Canu	WEE120	HMBL103	HMBL105	STREP	HMBL103	Ward_3	Bedside_Locker	Wood	Empty	1	Standard_wards	5	s1	../tables/Enterococcus_faecium_canu_mummer_heatmap.dat
s_3476	1	N157_BC10	Enterococcus_faecium	3009228	2921230	Aac6-Ii;Dfr;TetM;MsrC;	HIGH_QUAL	Canu	WEE226	HMBR049_02	HMBR051_02	STREP	HMBR049	Ward_4	Bed_Rail	Plastic	Empty	2	MDRO_wards	2	s1	../tables/Enterococcus_faecium_canu_mummer_heatmap.dat
s_3478	1	N160_BC03	Enterococcus_faecium	2946257	2916960	Spc;Aac6-Ii;ErmA;TetM;MsrC;	HIGH_QUAL	Canu	WEE288	HMCT043	HMCT045	STREP	HMCT043	Ward_3	Cardiac_Table	Metal_and_Wood	Empty	1	MDRO_wards	5	s1	../tables/Enterococcus_faecium_canu_mummer_heatmap.dat
s_3479	1	N160_BC12	Enterococcus_faecium	2893588	193713	TetL;Aac6-Ii;TetM;ErmB;LinB;TetM;TetL;TetM;TetL;ErmC;TetM;MsrC;Dfr;Dfr;	HIGH_QUAL	Canu	WEE311	HMBL046	HMBL048	AMP	HMBL046	Ward_4	Bedside_Locker	Wood	Empty	1	MDRO_wards	1	s1	../tables/Enterococcus_faecium_canu_mummer_heatmap.dat
s_3481	1	N161_BC09	Enterococcus_faecium	3003980	204858	ErmA;Spc;Aac6-Ii;MsrC;TetM;	HIGH_QUAL	Canu	WEE254	HMBL031	HMBL033	STREP	HMBL031	Ward_3	Bedside_Locker	Wood	Empty	1	MDRO_wards	1	s1	../tables/Enterococcus_faecium_canu_mummer_heatmap.dat
s_3482	1	N162_BC02	Enterococcus_faecium	2968159	723367	Dfr;TetM;Aac6-Ii;MsrC;	HIGH_QUAL	Canu	WEE226	HMBR049_02	HMBR051_02	AMP	HMBR049	Ward_4	Bed_Rail	Plastic	Empty	2	MDRO_wards	2	s1	../tables/Enterococcus_faecium_canu_mummer_heatmap.dat
s_3484	1	N163_BC02	Enterococcus_faecium	3019376	2861188	Spc;ErmA;Aac6-Ii;MsrC;Spc;VanH-Pt;VanX-M;ErmA;VanS-A;VanY-A;VanR-A;VanA;	HIGH_QUAL	Canu	WEE236	HMCT052_02	HMCT054_02	STREP	HMCT052	Ward_4	Cardiac_Table	Metal_and_Wood	Empty	2	MDRO_wards	3	s1	../tables/Enterococcus_faecium_canu_mummer_heatmap.dat
s_3485	1	N171_BC07	Enterococcus_faecium	3019524	1853371	Aac6-Ii;MsrC;TetM;TetL;	HIGH_QUAL	Canu	WEE231	HMCT058_02	HMCT060_02	STREP	HMCT058	Ward_4	Cardiac_Table	Plastic_and_Wood	Empty	2	MDRO_wards	5	s1	../tables/Enterococcus_faecium_canu_mummer_heatmap.dat
s_3489	1	N173_BC09	Enterococcus_faecium	2985349	2928756	Spc;ErmA;Aac6-Ii;TetM;MsrC;	HIGH_QUAL	Canu	WEE228	HMBL040_02	HMBL042_02	STREP	HMBL040	Ward_3	Bedside_Locker	Wood	Empty	2	MDRO_wards	4	s1	../tables/Enterococcus_faecium_canu_mummer_heatmap.dat
s_3491	1	N173_BC11	Enterococcus_faecium	2910416	2865937	Aac6-Ii;TetM;MsrC;	HIGH_QUAL	Canu	WEE260	HMBR058_02	HMBR060_02	AMP	HMBR058	Ward_4	Bed_Rail	Plastic	Empty	2	MDRO_wards	5	s1	../tables/Enterococcus_faecium_canu_mummer_heatmap.dat
s_3493	1	N179_BC08	Enterococcus_faecium	3124488	654286	MsrC;TetM;Dfr;Aac6-Ii;TetL;	HIGH_QUAL	Canu	WEE215	HMBL058_02	HMBL060_02	AMP	HMBL058	Ward_4	Bedside_Locker	Wood	Empty	2	MDRO_wards	5	s1	../tables/Enterococcus_faecium_canu_mummer_heatmap.dat
s_3494	1	N179_BC09	Enterococcus_faecium	2938905	1610221	Dfr;TetM;Aac6-Ii;MsrC;	HIGH_QUAL	Canu	WEE215	HMBL058_02	HMBL060_02	KAN	HMBL058	Ward_4	Bedside_Locker	Wood	Empty	2	MDRO_wards	5	s1	../tables/Enterococcus_faecium_canu_mummer_heatmap.dat
s_3495	1	N179_BC10	Enterococcus_faecium	3018185	2964443	Aac6-Ii;Dfr;TetM;MsrC;	HIGH_QUAL	Canu	WEE215	HMBL058_02	HMBL060_02	STREP	HMBL058	Ward_4	Bedside_Locker	Wood	Empty	2	MDRO_wards	5	s1	../tables/Enterococcus_faecium_canu_mummer_heatmap.dat
s_3498	1	N181_BC01	Enterococcus_faecium	3071903	2882010	Spc;ErmA;Dfr;Aac6-Ii;MsrC;VanX-M;Spc;VanY-A;VanH-Pt;ErmA;VanR-A;VanA;	HIGH_QUAL	Canu	WEE318	HMBL103_02	HMBL105_02	KAN	HMBL103	Ward_3	Bedside_Locker	Wood	Empty	2	Standard_wards	5	s1	../tables/Enterococcus_faecium_canu_mummer_heatmap.dat
s_3499	1	N181_BC02	Enterococcus_faecium	3105824	1034885	ErmA;Spc;Dfr;MsrC;Spc;VanX-M;ErmA;VanY-A;VanH-Pt;VanR-A;VanA;Aac6-Ii;	HIGH_QUAL	Canu	WEE318	HMBL103_02	HMBL105_02	STREP	HMBL103	Ward_3	Bedside_Locker	Wood	Empty	2	Standard_wards	5	s1	../tables/Enterococcus_faecium_canu_mummer_heatmap.dat
s_3506	1	N185_BC10	Enterococcus_faecium	2821377	2753221	Dfr;Aac6-Ii;TetL;MsrC;TetM;	HIGH_QUAL	Canu	WEE247	HMP039_02	HMP041_02	KAN	HMP039	Room_4	Pulse_Oxymeter	Rubber	Empty	2	Isolation_rooms	NA	s1	../tables/Enterococcus_faecium_canu_mummer_heatmap.dat
s_3507	1	N185_BC11	Enterococcus_faecium	2942477	1461927	TetM;Aac6-Ii;MsrC;	HIGH_QUAL	Canu	WEE260	HMBR058_02	HMBR060_02	KAN	HMBR058	Ward_4	Bed_Rail	Plastic	Empty	2	MDRO_wards	5	s1	../tables/Enterococcus_faecium_canu_mummer_heatmap.dat
s_3509	1	N189_BC09	Enterococcus_faecium	2899901	1580617	Aac6-Ii;MsrC;Dfr;TetM;	HIGH_QUAL	Canu	WEE222	HMBR109_02	HMBR111_02	AMP	HMBR109	Ward_4	Bed_Rail	Plastic	Empty	2	Standard_wards	2	s1	../tables/Enterococcus_faecium_canu_mummer_heatmap.dat
s_3514	1	N190_BC04	Enterococcus_faecium	2828119	819375	TetL;Dfr;Aac6-Ii;MsrC;TetM;TetL;LinB;ErmB;TetM;Dfr;ErmC;TetL;	HIGH_QUAL	Canu	WEE225	HMBR046_02	HMBR048_02	TET	HMBR046	Ward_4	Bed_Rail	Plastic	Empty	2	MDRO_wards	1	s1	../tables/Enterococcus_faecium_canu_mummer_heatmap.dat
s_3515	1	N193_BC02	Enterococcus_faecium	2940182	477418	TetM;MsrC;Aac6-Ii;Aac6-Ii;	HIGH_QUAL	Canu	WEE246	HMBL055_02	HMBL057_02	STREP	HMBL055	Ward_4	Bedside_Locker	Wood	Empty	2	MDRO_wards	4	s1	../tables/Enterococcus_faecium_canu_mummer_heatmap.dat
s_3516	1	N196_BC02	Enterococcus_faecium	2894318	2865535	Aac6-Ii;TetM;MsrC;	HIGH_QUAL	Canu	WEE260	HMBR058_02	HMBR060_02	STREP	HMBR058	Ward_4	Bed_Rail	Plastic	Empty	2	MDRO_wards	5	s1	../tables/Enterococcus_faecium_canu_mummer_heatmap.dat
s_3517	1	N197_BC10	Enterococcus_faecium	3103509	130545	Dfr;Aac6-Ii;MsrC;TetM;	HIGH_QUAL	Canu	WEE263	HMCT049_02	HMCT051_02	AMP	HMCT049	Ward_4	Cardiac_Table	Metal_and_Wood	Empty	2	MDRO_wards	2	s1	../tables/Enterococcus_faecium_canu_mummer_heatmap.dat
s_3518	1	N198_BC05	Enterococcus_faecium	2946901	2902100	Aac6-Ii;Dfr;TetM;MsrC;	HIGH_QUAL	Canu	WEE222	HMBR109_02	HMBR111_02	STREP	HMBR109	Ward_4	Bed_Rail	Plastic	Empty	2	Standard_wards	2	s1	../tables/Enterococcus_faecium_canu_mummer_heatmap.dat
s_3524	1	N205_BC05	Enterococcus_faecium	2916653	2887649	Aac6-Ii;Spc;ErmA;TetM;MsrC;	HIGH_QUAL	Canu	WEE096	HMBL112	HMBL114	STREP	HMBL112	Ward_4	Bedside_Locker	Metal_and_Wood	Empty	1	Standard_wards	3	s1	../tables/Enterococcus_faecium_canu_mummer_heatmap.dat
s_3526	1	N208_BC08	Enterococcus_faecium	2928141	639173	Dfr;MsrC;Aac6-Ii;Spc;ErmA;	HIGH_QUAL	Canu	WEE345	HMBR103	HMBR105	BHI	HMBR103	Ward_3	Bed_Rail	Metal	Empty	1	Standard_wards	5	s1	../tables/Enterococcus_faecium_canu_mummer_heatmap.dat
s_3538	1	N226_BC04	Enterococcus_faecium	2886910	432678	TetL;LinB;ErmB;TetM;ErmC;TetL;TetM;Dfr;Aac6-Ii;Dfr;MsrC;	HIGH_QUAL	Canu	WEE311	HMBL046	HMBL048	STREP	HMBL046	Ward_4	Bedside_Locker	Wood	Empty	1	MDRO_wards	1	s1	../tables/Enterococcus_faecium_canu_mummer_heatmap.dat
s_3539	1	N226_BC06	Enterococcus_faecium	2890841	1839024	TetL;Aac6-Ii;Dfr;MsrC;TetM;	HIGH_QUAL	Canu	WEE247	HMP039_02	HMP041_02	AMP	HMP039	Room_4	Pulse_Oxymeter	Rubber	Empty	2	Isolation_rooms	NA	s1	../tables/Enterococcus_faecium_canu_mummer_heatmap.dat
s_3540	1	N226_BC07	Enterococcus_faecium	2865636	1491579	Dfr;TetL;Aac6-Ii;MsrC;TetM;	HIGH_QUAL	Canu	WEE247	HMP039_02	HMP041_02	CHLOR	HMP039	Room_4	Pulse_Oxymeter	Rubber	Empty	2	Isolation_rooms	NA	s1	../tables/Enterococcus_faecium_canu_mummer_heatmap.dat
s_3541	1	N226_BC08	Enterococcus_faecium	2906268	2728872	Aac6-Ii;TetL;Dfr;MsrC;TetM;	HIGH_QUAL	Canu	WEE247	HMP039_02	HMP041_02	STREP	HMP039	Room_4	Pulse_Oxymeter	Rubber	Empty	2	Isolation_rooms	NA	s1	../tables/Enterococcus_faecium_canu_mummer_heatmap.dat
s_3542	1	N226_BC12	Enterococcus_faecium	3102723	1836206	Dfr;VanX-M;Spc;VanH-Pt;VanY-A;ErmA;VanR-A;VanA;Spc;ErmA;Aac6-Ii;MsrC;	HIGH_QUAL	Canu	WEE318	HMBL103_02	HMBL105_02	AMP	HMBL103	Ward_3	Bedside_Locker	Wood	Empty	2	Standard_wards	5	s1	../tables/Enterococcus_faecium_canu_mummer_heatmap.dat
s_3545	2	N229_BC11	Enterococcus_faecium	2646414	2539362	Aac6-Ii;MsrC;	HIGH_QUAL	Canu	WEE167	HMBL064_02	HMBL066_02	BHI	HMBL064	Ward_1	Bedside_Locker	Wood	Empty	2	Standard_wards	2	s2	../tables/Enterococcus_faecium_canu_mummer_heatmap.dat
s_3546	2	N229_BC12	Enterococcus_faecium	2912606	2664692	Aac6-Ii;MsrC;MsrC;	HIGH_QUAL	Canu	WEE167	HMBL064_02	HMBL066_02	AMP	HMBL064	Ward_1	Bedside_Locker	Wood	Empty	2	Standard_wards	2	s2	../tables/Enterococcus_faecium_canu_mummer_heatmap.dat
s_3550	2	N233_BC11	Enterococcus_faecium	2782232	2646801	Aac6-Ii;MsrC;	HIGH_QUAL	Canu	WEE167	HMBL064_02	HMBL066_02	KAN	HMBL064	Ward_1	Bedside_Locker	Wood	Empty	2	Standard_wards	2	s2	../tables/Enterococcus_faecium_canu_mummer_heatmap.dat
s_3551	2	N233_BC12	Enterococcus_faecium	2890086	2668934	Aac6-Ii;MsrC;	HIGH_QUAL	Canu	WEE167	HMBL064_02	HMBL066_02	STREP	HMBL064	Ward_1	Bedside_Locker	Wood	Empty	2	Standard_wards	2	s2	../tables/Enterococcus_faecium_canu_mummer_heatmap.dat
s_3557	1	N237_BC09	Enterococcus_faecium	3087569	2197154	Dfr;MsrC;Spc;Aac6-Ii;ErmA;CatA;Aac6-Aph2;VanX-M;Spc;VanH-Pt;ErmA;VanY-A;VanA;VanR-A;	HIGH_QUAL	Canu	WEE318	HMBL103_02	HMBL105_02	BHI	HMBL103	Ward_3	Bedside_Locker	Wood	Empty	2	Standard_wards	5	s1	../tables/Enterococcus_faecium_canu_mummer_heatmap.dat
s_3559	3	N238_BC05	Enterococcus_faecium	2511841	2486843	Aac6-Ii;MsrC;	HIGH_QUAL	Canu	WEE031	HMBL121_02	HMBL123_02	STREP	HMBL121	Room_1	Bedside_Locker	Wood	Empty	2	Isolation_rooms	NA	s3	../tables/Enterococcus_faecium_canu_mummer_heatmap.dat
s_3252	1	N100_BC08	Enterococcus_faecalis	3089401	2833683	MphD;TetM;LsaA;	HIGH_QUAL	Canu	WEE043	HMCT127_02	HMCT129_02	AMP	HMCT127	Room_3	Cardiac_Table	Metal_and_Wood	Empty	2	Isolation_rooms	NA	s1	../tables/Enterococcus_faecalis_canu_mummer_heatmap.dat
s_3253	1	N100_BC09	Enterococcus_faecalis	3222947	3190911	Aac6-Aph2;TetM;TetM;MphD;TetM;LsaA;	HIGH_QUAL	Canu	WEE043	HMCT127_02	HMCT129_02	KAN	HMCT127	Room_3	Cardiac_Table	Metal_and_Wood	Empty	2	Isolation_rooms	NA	s1	../tables/Enterococcus_faecalis_canu_mummer_heatmap.dat
s_3254	1	N100_BC10	Enterococcus_faecalis	3208503	2842971	TetM;TetM;Aac6-Aph2;MphD;TetM;LsaA;	HIGH_QUAL	Canu	WEE043	HMCT127_02	HMCT129_02	TET	HMCT127	Room_3	Cardiac_Table	Metal_and_Wood	Empty	2	Isolation_rooms	NA	s1	../tables/Enterococcus_faecalis_canu_mummer_heatmap.dat
s_3255	1	N101_BC01	Enterococcus_faecalis	3232735	3200602	Aac6-Aph2;TetM;MphD;TetM;LsaA;	HIGH_QUAL	Canu	WEE046	HMD007_02	HMD009_02	STREP	HMD007	Room_3	Door_Handle	Metal	Empty	2	Isolation_rooms	NA	s1	../tables/Enterococcus_faecalis_canu_mummer_heatmap.dat
s_3256	1	N101_BC02	Enterococcus_faecalis	3253552	2862219	TetM;TetM;Aac6-Aph2;TetM;MphD;LsaA;TetM;	HIGH_QUAL	Canu	WEE046	HMD007_02	HMD009_02	TET	HMD007	Room_3	Door_Handle	Metal	Empty	2	Isolation_rooms	NA	s1	../tables/Enterococcus_faecalis_canu_mummer_heatmap.dat
s_3257	1	N101_BC11	Enterococcus_faecalis	3216180	2328387	TetM;Aac6-Aph2;MphD;LsaA;TetM;	HIGH_QUAL	Canu	WEE046	HMD007_02	HMD009_02	AMP	HMD007	Room_3	Door_Handle	Metal	Empty	2	Isolation_rooms	NA	s1	../tables/Enterococcus_faecalis_canu_mummer_heatmap.dat
s_3258	1	N101_BC12	Enterococcus_faecalis	3219184	2868692	Aac6-Aph2;MphD;TetM;TetM;LsaA;TetM;	HIGH_QUAL	Canu	WEE046	HMD007_02	HMD009_02	KAN	HMD007	Room_3	Door_Handle	Metal	Empty	2	Isolation_rooms	NA	s1	../tables/Enterococcus_faecalis_canu_mummer_heatmap.dat
s_3259	1	N102_BC01	Enterococcus_faecalis	3228356	2871523	TetM;Aac6-Aph2;TetM;MphD;TetM;LsaA;	HIGH_QUAL	Canu	WEE033	HMBL127_02	HMBL129_02	TET	HMBL127	Room_3	Bedside_Locker	Wood	Empty	2	Isolation_rooms	NA	s1	../tables/Enterococcus_faecalis_canu_mummer_heatmap.dat
s_3260	1	N102_BC10	Enterococcus_faecalis	3242689	2879690	TetM;TetM;Aac6-Aph2;MphD;TetM;LsaA;TetM;	HIGH_QUAL	Canu	WEE033	HMBL127_02	HMBL129_02	AMP	HMBL127	Room_3	Bedside_Locker	Wood	Empty	2	Isolation_rooms	NA	s1	../tables/Enterococcus_faecalis_canu_mummer_heatmap.dat
s_3261	1	N102_BC11	Enterococcus_faecalis	3231700	3199578	Aac6-Aph2;TetM;MphD;TetM;LsaA;	HIGH_QUAL	Canu	WEE033	HMBL127_02	HMBL129_02	STREP	HMBL127	Room_3	Bedside_Locker	Wood	Empty	2	Isolation_rooms	NA	s1	../tables/Enterococcus_faecalis_canu_mummer_heatmap.dat
s_3262	1	N102_BC12	Enterococcus_faecalis	3256660	2878052	TetM;TetM;Aac6-Aph2;TetM;MphD;LsaA;TetM;	HIGH_QUAL	Canu	WEE033	HMBL127_02	HMBL129_02	KAN	HMBL127	Room_3	Bedside_Locker	Wood	Empty	2	Isolation_rooms	NA	s1	../tables/Enterococcus_faecalis_canu_mummer_heatmap.dat
s_3265	1	N106_BC10	Enterococcus_faecalis	3242756	2879463	Aac6-Aph2;MphD;TetM;TetM;LsaA;TetM;TetM;	HIGH_QUAL	Canu	WEE043	HMCT127_02	HMCT129_02	STREP	HMCT127	Room_3	Cardiac_Table	Metal_and_Wood	Empty	2	Isolation_rooms	NA	s1	../tables/Enterococcus_faecalis_canu_mummer_heatmap.dat
s_3266	8	N107_BC06	Enterococcus_faecalis	2967724	2938214	MphD;TetM;LsaA;	HIGH_QUAL	Canu	WEE062	HMBR019_02	HMBR021_02	STREP	HMBR019	Ward_2	Bed_Rail	Metal	Empty	2	MDRO_wards	2	s8	../tables/Enterococcus_faecalis_canu_mummer_heatmap.dat
s_3269	1	N114_BC03	Enterococcus_faecalis	3199657	2864763	Aac6-Aph2;TetM;MphD;LsaA;	HIGH_QUAL	Canu	WEE208	HMBR040	HMBR042	KAN	HMBR040	Ward_3	Bed_Rail	Plastic	Empty	1	MDRO_wards	4	s1	../tables/Enterococcus_faecalis_canu_mummer_heatmap.dat
s_3272	8	N115_BC03	Enterococcus_faecalis	2958202	2293970	TetM;LsaA;MphD;	HIGH_QUAL	Canu	WEE067	HMBL025_02	HMBL027_02	STREP	HMBL025	Ward_2	Bedside_Locker	Wood	Moderate_(2-5)	2	MDRO_wards	4	s8	../tables/Enterococcus_faecalis_canu_mummer_heatmap.dat
s_3274	6	N118_BC12	Enterococcus_faecalis	2972790	749640	TetM;LsaA;MphD;ErmB;	HIGH_QUAL	Canu	WEE147	HMCT124	HMCT126	AMP	HMCT124	Room_2	Cardiac_Table	Metal	Empty	1	Isolation_rooms	NA	s6	../tables/Enterococcus_faecalis_canu_mummer_heatmap.dat
s_3276	6	N119_BC03	Enterococcus_faecalis	3015513	1025295	LsaA;TetM;ErmB;MphD;	HIGH_QUAL	Canu	WEE147	HMCT124	HMCT126	TET	HMCT124	Room_2	Cardiac_Table	Metal	Empty	1	Isolation_rooms	NA	s6	../tables/Enterococcus_faecalis_canu_mummer_heatmap.dat
s_3277	6	N120_BC03	Enterococcus_faecalis	3031393	2925259	ErmB;MphD;LsaA;TetM;	HIGH_QUAL	Canu	WEE147	HMCT124	HMCT126	STREP	HMCT124	Room_2	Cardiac_Table	Metal	Empty	1	Isolation_rooms	NA	s6	../tables/Enterococcus_faecalis_canu_mummer_heatmap.dat
s_3278	3	N120_BC07	Enterococcus_faecalis	2848452	407693	TetM;LsaA;MphD;	HIGH_QUAL	Canu	WEE184	HMBR064	HMBR066	AMP	HMBR064	Ward_1	Bed_Rail	Metal	Empty	1	Standard_wards	2	s3	../tables/Enterococcus_faecalis_canu_mummer_heatmap.dat
s_3279	3	N120_BC08	Enterococcus_faecalis	2929957	2900821	MphD;TetM;LsaA;	HIGH_QUAL	Canu	WEE184	HMBR064	HMBR066	STREP	HMBR064	Ward_1	Bed_Rail	Metal	Empty	1	Standard_wards	2	s3	../tables/Enterococcus_faecalis_canu_mummer_heatmap.dat
s_3280	3	N120_BC09	Enterococcus_faecalis	2928363	2899244	MphD;TetM;LsaA;	HIGH_QUAL	Canu	WEE184	HMBR064	HMBR066	TET	HMBR064	Ward_1	Bed_Rail	Metal	Empty	1	Standard_wards	2	s3	../tables/Enterococcus_faecalis_canu_mummer_heatmap.dat
s_3281	8	N121_BC03	Enterococcus_faecalis	3039850	3009625	Aac6-Aph2;MphD;TetM;LsaA;	HIGH_QUAL	Canu	WEE271	HMBR013	HMBR015	KAN	HMBR013	Ward_1	Bed_Rail	Metal	Empty	1	MDRO_wards	5	s8	../tables/Enterococcus_faecalis_canu_mummer_heatmap.dat
s_3282	8	N121_BC04	Enterococcus_faecalis	3049122	3018806	Aac6-Aph2;TetM;MphD;LsaA;	HIGH_QUAL	Canu	WEE271	HMBR013	HMBR015	STREP	HMBR013	Ward_1	Bed_Rail	Metal	Empty	1	MDRO_wards	5	s8	../tables/Enterococcus_faecalis_canu_mummer_heatmap.dat
s_3284	3	N124_BC01	Enterococcus_faecalis	3010814	2696446	MphD;TetM;LsaA;	HIGH_QUAL	Canu	WEE089	HMBR079	HMBR081	AMP	HMBR079	Ward_2	Bed_Rail	Metal	Empty	1	Standard_wards	2	s3	../tables/Enterococcus_faecalis_canu_mummer_heatmap.dat
s_3285	3	N124_BC02	Enterococcus_faecalis	3013594	1715164	MphD;TetM;LsaA;	HIGH_QUAL	Canu	WEE089	HMBR079	HMBR081	KAN	HMBR079	Ward_2	Bed_Rail	Metal	Empty	1	Standard_wards	2	s3	../tables/Enterococcus_faecalis_canu_mummer_heatmap.dat
s_3286	3	N124_BC03	Enterococcus_faecalis	3030187	3000060	MphD;TetM;LsaA;	HIGH_QUAL	Canu	WEE089	HMBR079	HMBR081	TET	HMBR079	Ward_2	Bed_Rail	Metal	Empty	1	Standard_wards	2	s3	../tables/Enterococcus_faecalis_canu_mummer_heatmap.dat
s_3287	4	N124_BC06	Enterococcus_faecalis	3077662	3047065	LsaA;MphD;	HIGH_QUAL	Canu	WEE297	HMBL004	HMBL006	AMP	HMBL004	Ward_1	Bedside_Locker	Wood	Empty	1	MDRO_wards	2	s4	../tables/Enterococcus_faecalis_canu_mummer_heatmap.dat
s_3288	4	N124_BC08	Enterococcus_faecalis	3084887	3054218	MphD;LsaA;	HIGH_QUAL	Canu	WEE297	HMBL004	HMBL006	STREP	HMBL004	Ward_1	Bedside_Locker	Wood	Empty	1	MDRO_wards	2	s4	../tables/Enterococcus_faecalis_canu_mummer_heatmap.dat
s_3291	3	N131_BC02	Enterococcus_faecalis	2920294	2891255	MphD;TetM;LsaA;	HIGH_QUAL	Canu	WEE184	HMBR064	HMBR066	KAN	HMBR064	Ward_1	Bed_Rail	Metal	Empty	1	Standard_wards	2	s3	../tables/Enterococcus_faecalis_canu_mummer_heatmap.dat
s_3292	8	N131_BC03	Enterococcus_faecalis	3044259	3013991	Aac6-Aph2;TetM;MphD;LsaA;	HIGH_QUAL	Canu	WEE271	HMBR013	HMBR015	TET	HMBR013	Ward_1	Bed_Rail	Metal	Empty	1	MDRO_wards	5	s8	../tables/Enterococcus_faecalis_canu_mummer_heatmap.dat
s_3293	4	N131_BC07	Enterococcus_faecalis	3088532	3057827	LsaA;MphD;	HIGH_QUAL	Canu	WEE297	HMBL004	HMBL006	KAN	HMBL004	Ward_1	Bedside_Locker	Wood	Empty	1	MDRO_wards	2	s4	../tables/Enterococcus_faecalis_canu_mummer_heatmap.dat
s_3294	7	N133_BC07	Enterococcus_faecalis	2724997	2697892	MphD;LsaA;	HIGH_QUAL	Canu	WEE302	HMBR028	HMBR030	AMP	HMBR028	Ward_2	Bed_Rail	Metal	Moderate_(2-5)	1	MDRO_wards	5	s7	../tables/Enterococcus_faecalis_canu_mummer_heatmap.dat
s_3295	7	N133_BC08	Enterococcus_faecalis	2732605	2705424	MphD;LsaA;	HIGH_QUAL	Canu	WEE302	HMBR028	HMBR030	KAN	HMBR028	Ward_2	Bed_Rail	Metal	Moderate_(2-5)	1	MDRO_wards	5	s7	../tables/Enterococcus_faecalis_canu_mummer_heatmap.dat
s_3296	7	N133_BC09	Enterococcus_faecalis	2736009	2708793	MphD;LsaA;	HIGH_QUAL	Canu	WEE302	HMBR028	HMBR030	STREP	HMBR028	Ward_2	Bed_Rail	Metal	Moderate_(2-5)	1	MDRO_wards	5	s7	../tables/Enterococcus_faecalis_canu_mummer_heatmap.dat
s_3298	1	N134_BC01	Enterococcus_faecalis	3013272	452726	LsaA;MphD;Aac6-Aph2;TetM;	HIGH_QUAL	Canu	WEE066	HMCT022_02	HMCT024_02	KAN	HMCT022	Ward_2	Cardiac_Table	Metal_and_Wood	Empty	2	MDRO_wards	3	s1	../tables/Enterococcus_faecalis_canu_mummer_heatmap.dat
s_3299	1	N134_BC02	Enterococcus_faecalis	3184808	2752945	Aac6-Aph2;TetM;MphD;LsaA;TetM;	HIGH_QUAL	Canu	WEE066	HMCT022_02	HMCT024_02	STREP	HMCT022	Ward_2	Cardiac_Table	Metal_and_Wood	Empty	2	MDRO_wards	3	s1	../tables/Enterococcus_faecalis_canu_mummer_heatmap.dat
s_3300	1	N134_BC03	Enterococcus_faecalis	2914979	164842	Aac6-Aph2;TetM;LsaA;MphD;	HIGH_QUAL	Canu	WEE066	HMCT022_02	HMCT024_02	TET	HMCT022	Ward_2	Cardiac_Table	Metal_and_Wood	Empty	2	MDRO_wards	3	s1	../tables/Enterococcus_faecalis_canu_mummer_heatmap.dat
s_3301	6	N134_BC09	Enterococcus_faecalis	2510949	75209	MphD;TetM;ErmB;Sat4A;Aac6-Aph2;Aph3-III;LsaA;	HIGH_QUAL	Canu	WEE059	HMBR016_02	HMBR018_02	KAN	HMBR016	Ward_2	Bed_Rail	Metal	Empty	2	MDRO_wards	1	s6	../tables/Enterococcus_faecalis_canu_mummer_heatmap.dat
s_3303	1	N135_BC09	Enterococcus_faecalis	3202752	1051119	TetM;LsaA;Aac6-Aph2;MphD;	HIGH_QUAL	Canu	WEE224	HMCT034	HMCT036	AMP	HMCT034	Ward_3	Cardiac_Table	Metal_and_Wood	Empty	1	MDRO_wards	2	s1	../tables/Enterococcus_faecalis_canu_mummer_heatmap.dat
s_3304	1	N135_BC10	Enterococcus_faecalis	2951553	150984	TetM;TetM;Aac6-Aph2;	HIGH_QUAL	Canu	WEE224	HMCT034	HMCT036	KAN	HMCT034	Ward_3	Cardiac_Table	Metal_and_Wood	Empty	1	MDRO_wards	2	s1	../tables/Enterococcus_faecalis_canu_mummer_heatmap.dat
s_3305	1	N135_BC11	Enterococcus_faecalis	3260827	3228416	Aac6-Aph2;TetM;TetM;MphD;LsaA;	HIGH_QUAL	Canu	WEE224	HMCT034	HMCT036	STREP	HMCT034	Ward_3	Cardiac_Table	Metal_and_Wood	Empty	1	MDRO_wards	2	s1	../tables/Enterococcus_faecalis_canu_mummer_heatmap.dat
s_3306	6	N137_BC05	Enterococcus_faecalis	2976895	2947295	Sat4A;Aph3-III;ErmB;ErmB;Aac6-Aph2;MphD;LsaA;TetM;	HIGH_QUAL	Canu	WEE041	HMCT121	HMCT123	KAN	HMCT121	Room_1	Cardiac_Table	Metal	Low_(less_than_2)	1	Isolation_rooms	NA	s6	../tables/Enterococcus_faecalis_canu_mummer_heatmap.dat
s_3307	6	N137_BC06	Enterococcus_faecalis	2975421	2945835	Aph3-III;Sat4A;ErmB;Aac6-Aph2;ErmB;MphD;LsaA;TetM;	HIGH_QUAL	Canu	WEE041	HMCT121	HMCT123	STREP	HMCT121	Room_1	Cardiac_Table	Metal	Low_(less_than_2)	1	Isolation_rooms	NA	s6	../tables/Enterococcus_faecalis_canu_mummer_heatmap.dat
s_3308	6	N137_BC07	Enterococcus_faecalis	2987785	2932815	Aph3-III;Sat4A;ErmB;ErmB;Aac6-Aph2;MphD;LsaA;TetM;	HIGH_QUAL	Canu	WEE041	HMCT121	HMCT123	TET	HMCT121	Room_1	Cardiac_Table	Metal	Low_(less_than_2)	1	Isolation_rooms	NA	s6	../tables/Enterococcus_faecalis_canu_mummer_heatmap.dat
s_3309	11	N137_BC08	Enterococcus_faecalis	2695205	2668393	MphD;LsaA;	HIGH_QUAL	Canu	WEE303	HMBR022	HMBR024	AMP	HMBR022	Ward_2	Bed_Rail	Plastic	Empty	1	MDRO_wards	3	s11	../tables/Enterococcus_faecalis_canu_mummer_heatmap.dat
s_3311	14	N138_BC11	Enterococcus_faecalis	2903357	2874485	ErmB;Aac6-Aph2;MphD;LsaA;TetM;	HIGH_QUAL	Canu	WEE118	HMBL088	HMBL090	STREP	HMBL088	Ward_2	Bedside_Locker	Wood	Empty	1	Standard_wards	5	s14	../tables/Enterococcus_faecalis_canu_mummer_heatmap.dat
s_3313	6	N145_BC09	Enterococcus_faecalis	2949938	813286	Aph3-III;Sat4A;Aac6-Aph2;TetM;MphD;LsaA;	HIGH_QUAL	Canu	WEE300	HMBL040	HMBL042	KAN	HMBL040	Ward_3	Bedside_Locker	Wood	Empty	1	MDRO_wards	4	s6	../tables/Enterococcus_faecalis_canu_mummer_heatmap.dat
s_3314	6	N145_BC10	Enterococcus_faecalis	2857459	188965	TetM;ErmB;Aph3-III;Aac6-Aph2;Sat4A;MphD;LsaA;	HIGH_QUAL	Canu	WEE300	HMBL040	HMBL042	TET	HMBL040	Ward_3	Bedside_Locker	Wood	Empty	1	MDRO_wards	4	s6	../tables/Enterococcus_faecalis_canu_mummer_heatmap.dat
s_3315	1	N147_BC08	Enterococcus_faecalis	3182377	1955805	TetM;Aac6-Aph2;TetM;MphD;LsaA;	HIGH_QUAL	Canu	WEE191	HMP010	HMP012	KAN	HMP010	Ward_4	Pulse_Oxymeter	Rubber	Empty	1	MDRO_wards	NA	s1	../tables/Enterococcus_faecalis_canu_mummer_heatmap.dat
s_3316	1	N147_BC09	Enterococcus_faecalis	3319365	2146810	LsaA;TetM;TetM;TetM;Aac6-Aph2;MphD;	HIGH_QUAL	Canu	WEE191	HMP010	HMP012	STREP	HMP010	Ward_4	Pulse_Oxymeter	Rubber	Empty	1	MDRO_wards	NA	s1	../tables/Enterococcus_faecalis_canu_mummer_heatmap.dat
s_3317	1	N147_BC10	Enterococcus_faecalis	3267921	1865575	TetM;TetM;MphD;LsaA;Aac6-Aph2;	HIGH_QUAL	Canu	WEE191	HMP010	HMP012	TET	HMP010	Ward_4	Pulse_Oxymeter	Rubber	Empty	1	MDRO_wards	NA	s1	../tables/Enterococcus_faecalis_canu_mummer_heatmap.dat
s_3318	2	N148_BC05	Enterococcus_faecalis	2641725	89409	LsaA;MphD;Sat4A;Aph3-III;ErmB;CatA;Aac6-Aph2;ErmB;TetM;	HIGH_QUAL	Canu	WEE286	HMBL037	HMBL039	AMP	HMBL037	Ward_3	Bedside_Locker	Wood	Empty	1	MDRO_wards	3	s2	../tables/Enterococcus_faecalis_canu_mummer_heatmap.dat
s_3319	2	N148_BC06	Enterococcus_faecalis	2974629	2923180	Aph3-III;CatA;Aac6-Aph2;Sat4A;ErmB;ErmB;MphD;LsaA;TetM;	HIGH_QUAL	Canu	WEE286	HMBL037	HMBL039	CHLOR	HMBL037	Ward_3	Bedside_Locker	Wood	Empty	1	MDRO_wards	3	s2	../tables/Enterococcus_faecalis_canu_mummer_heatmap.dat
s_3320	2	N148_BC07	Enterococcus_faecalis	2913327	2830769	Aph3-III;Sat4A;Aac6-Aph2;ErmB;MphD;ErmB;CatA;LsaA;TetM;	HIGH_QUAL	Canu	WEE286	HMBL037	HMBL039	KAN	HMBL037	Ward_3	Bedside_Locker	Wood	Empty	1	MDRO_wards	3	s2	../tables/Enterococcus_faecalis_canu_mummer_heatmap.dat
s_3321	2	N148_BC08	Enterococcus_faecalis	2957679	2928268	Aph3-III;Sat4A;ErmB;ErmB;CatA;Aac6-Aph2;MphD;LsaA;TetM;	HIGH_QUAL	Canu	WEE286	HMBL037	HMBL039	STREP	HMBL037	Ward_3	Bedside_Locker	Wood	Empty	1	MDRO_wards	3	s2	../tables/Enterococcus_faecalis_canu_mummer_heatmap.dat
s_3324	1	N148_BC11	Enterococcus_faecalis	3184954	2923135	Aac6-Aph2;TetM;TetM;MphD;LsaA;	HIGH_QUAL	Canu	WEE150	HMCT127	HMCT129	TET	HMCT127	Room_3	Cardiac_Table	Metal	Empty	1	Isolation_rooms	NA	s1	../tables/Enterococcus_faecalis_canu_mummer_heatmap.dat
s_3325	6	N150_BC09	Enterococcus_faecalis	2962186	2913055	Aph3-III;Sat4A;ErmB;ErmB;Aac6-Aph2;MphD;LsaA;TetM;	HIGH_QUAL	Canu	WEE363	HMP030	HMP032	KAN	HMP030	Room_1	Pulse_Oxymeter	Rubber	Low_(less_than_2)	1	Isolation_rooms	NA	s6	../tables/Enterococcus_faecalis_canu_mummer_heatmap.dat
s_3326	6	N150_BC10	Enterococcus_faecalis	2951046	2921701	Aph3-III;Sat4A;ErmB;ErmB;Aac6-Aph2;MphD;LsaA;TetM;	HIGH_QUAL	Canu	WEE363	HMP030	HMP032	STREP	HMP030	Room_1	Pulse_Oxymeter	Rubber	Low_(less_than_2)	1	Isolation_rooms	NA	s6	../tables/Enterococcus_faecalis_canu_mummer_heatmap.dat
s_3328	1	N153_BC02	Enterococcus_faecalis	3213200	1697366	Aac6-Aph2;MphD;LsaA;TetM;TetM;	HIGH_QUAL	Canu	WEE151	HMBR127	HMBR129	KAN	HMBR127	Room_3	Bed_Rail	Plastic	Empty	1	Isolation_rooms	NA	s1	../tables/Enterococcus_faecalis_canu_mummer_heatmap.dat
s_3330	2	N153_BC04	Enterococcus_faecalis	2922102	2893044	ErmB;CatA;MphD;LsaA;TetM;	HIGH_QUAL	Canu	WEE275	HMBR037	HMBR039	CHLOR	HMBR037	Ward_3	Bed_Rail	Plastic	Empty	1	MDRO_wards	3	s2	../tables/Enterococcus_faecalis_canu_mummer_heatmap.dat
s_3331	2	N153_BC05	Enterococcus_faecalis	3350384	1091140	Aac6-Aph2;Sat4A;Aph3-III;CatA;ErmB;ErmB;MphD;LsaA;Aac3-Ik;TetM;NorA;	HIGH_QUAL	Canu	WEE275	HMBR037	HMBR039	KAN	HMBR037	Ward_3	Bed_Rail	Plastic	Empty	1	MDRO_wards	3	s2	../tables/Enterococcus_faecalis_canu_mummer_heatmap.dat
s_3332	2	N153_BC06	Enterococcus_faecalis	2931756	2902602	Aph3-III;Sat4A;CatA;ErmB;Aac6-Aph2;ErmB;MphD;LsaA;TetM;	HIGH_QUAL	Canu	WEE275	HMBR037	HMBR039	STREP	HMBR037	Ward_3	Bed_Rail	Plastic	Empty	1	MDRO_wards	3	s2	../tables/Enterococcus_faecalis_canu_mummer_heatmap.dat
s_3333	2	N153_BC07	Enterococcus_faecalis	2742791	127446	ErmB;Sat4A;Aac6-Aph2;CatA;MphD;Aph3-III;LsaA;CatA;ErmB;	HIGH_QUAL	Canu	WEE275	HMBR037	HMBR039	TET	HMBR037	Ward_3	Bed_Rail	Plastic	Empty	1	MDRO_wards	3	s2	../tables/Enterococcus_faecalis_canu_mummer_heatmap.dat
s_3334	9	N154_BC03	Enterococcus_faecalis	2958926	2929503	MphD;LsaA;TetM;	HIGH_QUAL	Canu	WEE212	HMBL055	HMBL057	STREP	HMBL055	Ward_4	Bedside_Locker	Wood	Empty	1	MDRO_wards	4	s9	../tables/Enterococcus_faecalis_canu_mummer_heatmap.dat
s_3335	9	N154_BC04	Enterococcus_faecalis	2895908	402936	MphD;LsaA;TetM;	HIGH_QUAL	Canu	WEE212	HMBL055	HMBL057	TET	HMBL055	Ward_4	Bedside_Locker	Wood	Empty	1	MDRO_wards	4	s9	../tables/Enterococcus_faecalis_canu_mummer_heatmap.dat
s_3338	1	N158_BC07	Enterococcus_faecalis	3361926	2866912	TetM;Aac6-Aph2;MphD;TetM;TetM;LsaA;TetM;TetM;TetM;TetM;	HIGH_QUAL	Canu	WEE365	HMD007	HMD009	KAN	HMD007	Room_3	Door_Handle	Metal	Empty	1	Isolation_rooms	NA	s1	../tables/Enterococcus_faecalis_canu_mummer_heatmap.dat
s_3339	1	N158_BC08	Enterococcus_faecalis	3240084	3207879	Aac6-Aph2;TetM;MphD;TetM;LsaA;	HIGH_QUAL	Canu	WEE365	HMD007	HMD009	STREP	HMD007	Room_3	Door_Handle	Metal	Empty	1	Isolation_rooms	NA	s1	../tables/Enterococcus_faecalis_canu_mummer_heatmap.dat
s_3340	1	N158_BC09	Enterococcus_faecalis	3236721	3204548	Aac6-Aph2;TetM;TetM;MphD;LsaA;	HIGH_QUAL	Canu	WEE365	HMD007	HMD009	TET	HMD007	Room_3	Door_Handle	Metal	Empty	1	Isolation_rooms	NA	s1	../tables/Enterococcus_faecalis_canu_mummer_heatmap.dat
s_3341	1	N158_BC12	Enterococcus_faecalis	3273137	3035572	Aac6-Aph2;TetM;TetM;MphD;LsaA;	HIGH_QUAL	Canu	WEE322	HMBL034	HMBL036	AMP	HMBL034	Ward_3	Bedside_Locker	Wood	Empty	1	MDRO_wards	2	s1	../tables/Enterococcus_faecalis_canu_mummer_heatmap.dat
s_3342	1	N159_BC02	Enterococcus_faecalis	3197092	962702	Aac6-Aph2;MphD;TetM;TetM;LsaA;	HIGH_QUAL	Canu	WEE322	HMBL034	HMBL036	KAN	HMBL034	Ward_3	Bedside_Locker	Wood	Empty	1	MDRO_wards	2	s1	../tables/Enterococcus_faecalis_canu_mummer_heatmap.dat
s_3343	1	N159_BC03	Enterococcus_faecalis	3321249	1927492	Aac6-Aph2;MphD;TetM;TetM;TetM;TetM;LsaA;	HIGH_QUAL	Canu	WEE322	HMBL034	HMBL036	STREP	HMBL034	Ward_3	Bedside_Locker	Wood	Empty	1	MDRO_wards	2	s1	../tables/Enterococcus_faecalis_canu_mummer_heatmap.dat
s_3344	6	N160_BC06	Enterococcus_faecalis	2976454	2946858	Aph3-III;Sat4A;Aac6-Aph2;ErmB;MphD;LsaA;TetM;	HIGH_QUAL	Canu	WEE300	HMBL040	HMBL042	STREP	HMBL040	Ward_3	Bedside_Locker	Wood	Empty	1	MDRO_wards	4	s6	../tables/Enterococcus_faecalis_canu_mummer_heatmap.dat
s_3345	1	N162_BC04	Enterococcus_faecalis	3291676	2150003	MphD;Aac6-Aph2;TetM;LsaA;	HIGH_QUAL	Canu	WEE322	HMBL034	HMBL036	TET	HMBL034	Ward_3	Bedside_Locker	Wood	Empty	1	MDRO_wards	2	s1	../tables/Enterococcus_faecalis_canu_mummer_heatmap.dat
s_3346	1	N163_BC04	Enterococcus_faecalis	3234757	3202604	Aac6-Aph2;TetM;TetM;MphD;LsaA;	HIGH_QUAL	Canu	WEE105	HMBL100	HMBL102	AMP	HMBL100	Ward_3	Bedside_Locker	Wood	Empty	1	Standard_wards	4	s1	../tables/Enterococcus_faecalis_canu_mummer_heatmap.dat
s_3348	12	N173_BC06	Enterococcus_faecalis	2662289	1358728	LsaA;MphD;	HIGH_QUAL	Canu	WEE228	HMBL040_02	HMBL042_02	AMP	HMBL040	Ward_3	Bedside_Locker	Wood	Empty	2	MDRO_wards	4	s12	../tables/Enterococcus_faecalis_canu_mummer_heatmap.dat
s_3349	1	N173_BC09	Enterococcus_faecalis	3264455	520266	MphD;Aac6-Aph2;TetM;LsaA;	HIGH_QUAL	Canu	WEE228	HMBL040_02	HMBL042_02	STREP	HMBL040	Ward_3	Bedside_Locker	Wood	Empty	2	MDRO_wards	4	s1	../tables/Enterococcus_faecalis_canu_mummer_heatmap.dat
s_3350	3	N173_BC10	Enterococcus_faecalis	2620485	88438	LsaA;	HIGH_QUAL	Canu	WEE228	HMBL040_02	HMBL042_02	TET	HMBL040	Ward_3	Bedside_Locker	Wood	Empty	2	MDRO_wards	4	s3	../tables/Enterococcus_faecalis_canu_mummer_heatmap.dat
s_3351	1	N175_BC01	Enterococcus_faecalis	3133064	3101916	Aac6-Aph2;MphD;LsaA;	HIGH_QUAL	Canu	WEE232	HMBL049_02	HMBL051_02	STREP	HMBL049	Ward_4	Bedside_Locker	Wood	Empty	2	MDRO_wards	2	s1	../tables/Enterococcus_faecalis_canu_mummer_heatmap.dat
s_3352	1	N175_BC05	Enterococcus_faecalis	3237950	1661833	MphD;TetM;LsaA;Aac6-Aph2;TetM;TetM;	HIGH_QUAL	Canu	WEE380	HMP036_02	HMP038_02	AMP	HMP036	Room_3	Pulse_Oxymeter	Rubber	Empty	2	Isolation_rooms	NA	s1	../tables/Enterococcus_faecalis_canu_mummer_heatmap.dat
s_3353	1	N175_BC06	Enterococcus_faecalis	3247218	3214940	Aac6-Aph2;TetM;TetM;MphD;LsaA;	HIGH_QUAL	Canu	WEE380	HMP036_02	HMP038_02	KAN	HMP036	Room_3	Pulse_Oxymeter	Rubber	Empty	2	Isolation_rooms	NA	s1	../tables/Enterococcus_faecalis_canu_mummer_heatmap.dat
s_3354	1	N175_BC07	Enterococcus_faecalis	3242044	3187260	Aac6-Aph2;TetM;MphD;TetM;LsaA;	HIGH_QUAL	Canu	WEE380	HMP036_02	HMP038_02	TET	HMP036	Room_3	Pulse_Oxymeter	Rubber	Empty	2	Isolation_rooms	NA	s1	../tables/Enterococcus_faecalis_canu_mummer_heatmap.dat
s_3355	1	N177_BC08	Enterococcus_faecalis	3250084	540723	MphD;TetM;Aac6-Aph2;TetM;LsaA;TetM;TetM;	HIGH_QUAL	Canu	WEE338	HMBL100_02	HMBL102_02	STREP	HMBL100	Ward_3	Bedside_Locker	Wood	Empty	2	Standard_wards	4	s1	../tables/Enterococcus_faecalis_canu_mummer_heatmap.dat
s_3356	1	N177_BC09	Enterococcus_faecalis	2837975	104481	TetM;LsaA;TetM;	HIGH_QUAL	Canu	WEE104	HMBL085_02	HMBL087_02	CHLOR	HMBL085	Ward_2	Bedside_Locker	Wood	Moderate_(2-5)	2	Standard_wards	4	s1	../tables/Enterococcus_faecalis_canu_mummer_heatmap.dat
s_3357	1	N177_BC10	Enterococcus_faecalis	3345426	2830648	Aac6-Aph2;TetM;TetM;TetM;TetM;Aac6-Aph2;TetM;MphD;LsaA;	HIGH_QUAL	Canu	WEE104	HMBL085_02	HMBL087_02	KAN	HMBL085	Ward_2	Bedside_Locker	Wood	Moderate_(2-5)	2	Standard_wards	4	s1	../tables/Enterococcus_faecalis_canu_mummer_heatmap.dat
s_3358	1	N177_BC11	Enterococcus_faecalis	3359477	3213717	Aac6-Aph2;TetM;MphD;TetM;LsaA;Aac6-Aph2;	HIGH_QUAL	Canu	WEE104	HMBL085_02	HMBL087_02	STREP	HMBL085	Ward_2	Bedside_Locker	Wood	Moderate_(2-5)	2	Standard_wards	4	s1	../tables/Enterococcus_faecalis_canu_mummer_heatmap.dat
s_3359	1	N177_BC12	Enterococcus_faecalis	3369105	1789167	TetM;MphD;LsaA;Aac6-Aph2;Aac6-Aph2;Aac6-Aph2;TetM;TetM;TetM;	HIGH_QUAL	Canu	WEE104	HMBL085_02	HMBL087_02	TET	HMBL085	Ward_2	Bedside_Locker	Wood	Moderate_(2-5)	2	Standard_wards	4	s1	../tables/Enterococcus_faecalis_canu_mummer_heatmap.dat
s_3360	1	N179_BC02	Enterococcus_faecalis	3282440	2035317	Aac6-Aph2;MphD;LsaA;TetM;	HIGH_QUAL	Canu	WEE354	HMBL067_02	HMBL069_02	AMP	HMBL067	Ward_1	Bedside_Locker	Wood	Empty	2	Standard_wards	3	s1	../tables/Enterococcus_faecalis_canu_mummer_heatmap.dat
s_3362	1	N179_BC04	Enterococcus_faecalis	3327255	3294186	Aac6-Aph2;MphD;TetM;TetM;LsaA;	HIGH_QUAL	Canu	WEE354	HMBL067_02	HMBL069_02	STREP	HMBL067	Ward_1	Bedside_Locker	Wood	Empty	2	Standard_wards	3	s1	../tables/Enterococcus_faecalis_canu_mummer_heatmap.dat
s_3365	9	N180_BC10	Enterococcus_faecalis	2719537	2692485	MphD;LsaA;	HIGH_QUAL	Canu	WEE321	HMBR097_02	HMBR099_02	KAN	HMBR097	Ward_3	Bed_Rail	Metal	Empty	2	Standard_wards	3	s9	../tables/Enterococcus_faecalis_canu_mummer_heatmap.dat
s_3366	9	N180_BC11	Enterococcus_faecalis	2725981	2698863	MphD;LsaA;	HIGH_QUAL	Canu	WEE321	HMBR097_02	HMBR099_02	STREP	HMBR097	Ward_3	Bed_Rail	Metal	Empty	2	Standard_wards	3	s9	../tables/Enterococcus_faecalis_canu_mummer_heatmap.dat
s_3367	9	N180_BC12	Enterococcus_faecalis	2739239	2711991	MphD;LsaA;	HIGH_QUAL	Canu	WEE321	HMBR097_02	HMBR099_02	TET	HMBR097	Ward_3	Bed_Rail	Metal	Empty	2	Standard_wards	3	s9	../tables/Enterococcus_faecalis_canu_mummer_heatmap.dat
s_3368	1	N182_BC04	Enterococcus_faecalis	3118431	3087429	Aac6-Aph2;MphD;LsaA;	HIGH_QUAL	Canu	WEE263	HMCT049_02	HMCT051_02	STREP	HMCT049	Ward_4	Cardiac_Table	Metal_and_Wood	Empty	2	MDRO_wards	2	s1	../tables/Enterococcus_faecalis_canu_mummer_heatmap.dat
s_3369	10	N182_BC10	Enterococcus_faecalis	2884108	2855426	Ant6-Ia;Aph3-III;Sat4A;ErmB;TetM;	HIGH_QUAL	Canu	WEE154	HMBR007_02	HMBR009_02	KAN	HMBR007	Ward_1	Bed_Rail	Metal	Empty	2	MDRO_wards	3	s10	../tables/Enterococcus_faecalis_canu_mummer_heatmap.dat
s_3374	1	N186_BC06	Enterococcus_faecalis	2879832	184192	Aac6-Aph2;MphD;LsaA;	HIGH_QUAL	Canu	WEE232	HMBL049_02	HMBL051_02	KAN	HMBL049	Ward_4	Bedside_Locker	Wood	Empty	2	MDRO_wards	2	s1	../tables/Enterococcus_faecalis_canu_mummer_heatmap.dat
s_3375	1	N186_BC09	Enterococcus_faecalis	3368874	1670904	Aac6-Aph2;TetM;TetM;LsaA;MphD;	HIGH_QUAL	Canu	WEE104	HMBL085_02	HMBL087_02	AMP	HMBL085	Ward_2	Bedside_Locker	Wood	Moderate_(2-5)	2	Standard_wards	4	s1	../tables/Enterococcus_faecalis_canu_mummer_heatmap.dat
s_3376	5	N188_BC12	Enterococcus_faecalis	3086907	3036993	Ant6-Ia;Aph3-III;ErmB;CatA;MphD;LsaA;TetM;	HIGH_QUAL	Canu	WEE169	HMBR010_02	HMBR012_02	AMP	HMBR010	Ward_1	Bed_Rail	Metal	Empty	2	MDRO_wards	4	s5	../tables/Enterococcus_faecalis_canu_mummer_heatmap.dat
s_3377	5	N189_BC01	Enterococcus_faecalis	3064425	3033958	Ant6-Ia;Aph3-III;ErmB;CatA;MphD;LsaA;TetM;	HIGH_QUAL	Canu	WEE169	HMBR010_02	HMBR012_02	CHLOR	HMBR010	Ward_1	Bed_Rail	Metal	Empty	2	MDRO_wards	4	s5	../tables/Enterococcus_faecalis_canu_mummer_heatmap.dat
s_3378	5	N189_BC02	Enterococcus_faecalis	3164338	3053812	Aph3-III;Ant6-Ia;ErmB;CatA;MphD;LsaA;TetM;	HIGH_QUAL	Canu	WEE169	HMBR010_02	HMBR012_02	KAN	HMBR010	Ward_1	Bed_Rail	Metal	Empty	2	MDRO_wards	4	s5	../tables/Enterococcus_faecalis_canu_mummer_heatmap.dat
s_3379	5	N189_BC03	Enterococcus_faecalis	3092277	3061534	Ant6-Ia;Aph3-III;ErmB;CatA;MphD;LsaA;TetM;	HIGH_QUAL	Canu	WEE169	HMBR010_02	HMBR012_02	STREP	HMBR010	Ward_1	Bed_Rail	Metal	Empty	2	MDRO_wards	4	s5	../tables/Enterococcus_faecalis_canu_mummer_heatmap.dat
s_3380	5	N189_BC04	Enterococcus_faecalis	3100777	3051279	Ant6-Ia;Aph3-III;ErmB;CatA;MphD;LsaA;TetM;	HIGH_QUAL	Canu	WEE169	HMBR010_02	HMBR012_02	TET	HMBR010	Ward_1	Bed_Rail	Metal	Empty	2	MDRO_wards	4	s5	../tables/Enterococcus_faecalis_canu_mummer_heatmap.dat
s_3382	3	N194_BC01	Enterococcus_faecalis	3126289	2987634	MphD;TetM;LsaA;	HIGH_QUAL	Canu	WEE206	HMBR040_02	HMBR042_02	TET	HMBR040	Ward_3	Bed_Rail	Plastic	Empty	2	MDRO_wards	4	s3	../tables/Enterococcus_faecalis_canu_mummer_heatmap.dat
s_3383	3	N195_BC03	Enterococcus_faecalis	2916943	2887936	MphD;TetM;LsaA;	HIGH_QUAL	Canu	WEE184	HMBR064	HMBR066	CHLOR	HMBR064	Ward_1	Bed_Rail	Metal	Empty	1	Standard_wards	2	s3	../tables/Enterococcus_faecalis_canu_mummer_heatmap.dat
s_3384	1	N197_BC02	Enterococcus_faecalis	2961406	78898	TetM;LsaA;MphD;	HIGH_QUAL	Canu	WEE338	HMBL100_02	HMBL102_02	AMP	HMBL100	Ward_3	Bedside_Locker	Wood	Empty	2	Standard_wards	4	s1	../tables/Enterococcus_faecalis_canu_mummer_heatmap.dat
s_3385	1	N197_BC03	Enterococcus_faecalis	3085992	87506	TetM;LsaA;MphD;	HIGH_QUAL	Canu	WEE338	HMBL100_02	HMBL102_02	KAN	HMBL100	Ward_3	Bedside_Locker	Wood	Empty	2	Standard_wards	4	s1	../tables/Enterococcus_faecalis_canu_mummer_heatmap.dat
s_3386	1	N197_BC04	Enterococcus_faecalis	3014150	62402	LsaA;TetM;MphD;Aac6-Aph2;	HIGH_QUAL	Canu	WEE338	HMBL100_02	HMBL102_02	TET	HMBL100	Ward_3	Bedside_Locker	Wood	Empty	2	Standard_wards	4	s1	../tables/Enterococcus_faecalis_canu_mummer_heatmap.dat
s_3388	1	N198_BC02	Enterococcus_faecalis	3261437	709301	Aac6-Aph2;TetM;MphD;TetM;LsaA;	HIGH_QUAL	Canu	WEE201	HMBL034_02	HMBL036_02	STREP	HMBL034	Ward_3	Bedside_Locker	Wood	Empty	2	MDRO_wards	2	s1	../tables/Enterococcus_faecalis_canu_mummer_heatmap.dat
s_3393	6	N202_BC01	Enterococcus_faecalis	3006774	1720846	MphD;LsaA;ErmB;TetM;	HIGH_QUAL	Canu	WEE147	HMCT124	HMCT126	BHI	HMCT124	Room_2	Cardiac_Table	Metal	Empty	1	Isolation_rooms	NA	s6	../tables/Enterococcus_faecalis_canu_mummer_heatmap.dat
s_3395	3	N202_BC08	Enterococcus_faecalis	2948481	2902226	MphD;TetM;LsaA;	HIGH_QUAL	Canu	WEE184	HMBR064	HMBR066	BHI	HMBR064	Ward_1	Bed_Rail	Metal	Empty	1	Standard_wards	2	s3	../tables/Enterococcus_faecalis_canu_mummer_heatmap.dat
s_3396	3	N203_BC02	Enterococcus_faecalis	3044615	3014343	LsaA;TetM;LsaA;MphD;	HIGH_QUAL	Canu	WEE089	HMBR079	HMBR081	BHI	HMBR079	Ward_2	Bed_Rail	Metal	Empty	1	Standard_wards	2	s3	../tables/Enterococcus_faecalis_canu_mummer_heatmap.dat
s_3397	4	N203_BC04	Enterococcus_faecalis	3067225	3036730	MphD;LsaA;	HIGH_QUAL	Canu	WEE297	HMBL004	HMBL006	BHI	HMBL004	Ward_1	Bedside_Locker	Wood	Empty	1	MDRO_wards	2	s4	../tables/Enterococcus_faecalis_canu_mummer_heatmap.dat
s_3398	3	N203_BC09	Enterococcus_faecalis	2639321	84561	MphD;TetM;	HIGH_QUAL	Canu	WEE086	HMBL064	HMBL066	BHI	HMBL064	Ward_1	Bedside_Locker	Metal_and_Wood	Empty	1	Standard_wards	2	s3	../tables/Enterococcus_faecalis_canu_mummer_heatmap.dat
s_3399	7	N204_BC08	Enterococcus_faecalis	2751258	2723892	MphD;LsaA;	HIGH_QUAL	Canu	WEE302	HMBR028	HMBR030	BHI	HMBR028	Ward_2	Bed_Rail	Metal	Moderate_(2-5)	1	MDRO_wards	5	s7	../tables/Enterococcus_faecalis_canu_mummer_heatmap.dat
s_3401	6	N204_BC11	Enterococcus_faecalis	2954335	576363	TetM;MphD;LsaA;Aac6-Aph2;Sat4A;ErmB;Aph3-III;	HIGH_QUAL	Canu	WEE059	HMBR016_02	HMBR018_02	BHI	HMBR016	Ward_2	Bed_Rail	Metal	Empty	2	MDRO_wards	1	s6	../tables/Enterococcus_faecalis_canu_mummer_heatmap.dat
s_3402	7	N205_BC08	Enterococcus_faecalis	2763627	2716359	MphD;LsaA;	HIGH_QUAL	Canu	WEE295	HMCT019	HMCT021	STREP	HMCT019	Ward_2	Cardiac_Table	Metal_and_Wood	Empty	1	MDRO_wards	2	s7	../tables/Enterococcus_faecalis_canu_mummer_heatmap.dat
s_3403	8	N205_BC11	Enterococcus_faecalis	3056990	3026596	Aac6-Aph2;MphD;TetM;LsaA;	HIGH_QUAL	Canu	WEE271	HMBR013	HMBR015	CHLOR	HMBR013	Ward_1	Bed_Rail	Metal	Empty	1	MDRO_wards	5	s8	../tables/Enterococcus_faecalis_canu_mummer_heatmap.dat
s_3404	13	N206_BC02	Enterococcus_faecalis	3158788	3127386	MphD;LsaA;TetM;	HIGH_QUAL	Canu	WEE310	HMBR004	HMBR006	STREP	HMBR004	Ward_1	Bed_Rail	Metal	Empty	1	MDRO_wards	2	s13	../tables/Enterococcus_faecalis_canu_mummer_heatmap.dat
s_3405	3	N206_BC03	Enterococcus_faecalis	3055916	3025533	MphD;LsaA;TetM;	HIGH_QUAL	Canu	WEE089	HMBR079	HMBR081	STREP	HMBR079	Ward_2	Bed_Rail	Metal	Empty	1	Standard_wards	2	s3	../tables/Enterococcus_faecalis_canu_mummer_heatmap.dat
s_3408	1	N207_BC06	Enterococcus_faecalis	3203097	684424	LsaA;TetM;Aac6-Aph2;MphD;	HIGH_QUAL	Canu	WEE151	HMBR127	HMBR129	TET	HMBR127	Room_3	Bed_Rail	Plastic	Empty	1	Isolation_rooms	NA	s1	../tables/Enterococcus_faecalis_canu_mummer_heatmap.dat
s_3409	3	N208_BC02	Enterococcus_faecalis	3140860	2986553	MphD;LsaA;TetM;	HIGH_QUAL	Canu	WEE206	HMBR040_02	HMBR042_02	AMP	HMBR040	Ward_3	Bed_Rail	Plastic	Empty	2	MDRO_wards	4	s3	../tables/Enterococcus_faecalis_canu_mummer_heatmap.dat
s_3412	1	N210_BC08	Enterococcus_faecalis	3314022	1720431	TetM;TetM;MphD;LsaA;Aac6-Aph2;	HIGH_QUAL	Canu	WEE208	HMBR040	HMBR042	STREP	HMBR040	Ward_3	Bed_Rail	Plastic	Empty	1	MDRO_wards	4	s1	../tables/Enterococcus_faecalis_canu_mummer_heatmap.dat
s_3413	8	N211_BC05	Enterococcus_faecalis	3040999	309033	TetM;LsaA;MphD;Aac6-Aph2;	HIGH_QUAL	Canu	WEE271	HMBR013	HMBR015	BHI	HMBR013	Ward_1	Bed_Rail	Metal	Empty	1	MDRO_wards	5	s8	../tables/Enterococcus_faecalis_canu_mummer_heatmap.dat
s_3415	2	N214_BC09	Enterococcus_faecalis	2942217	2912960	CatA;Sat4A;ErmB;Aph3-III;Aac6-Aph2;MphD;ErmB;LsaA;TetM;	HIGH_QUAL	Canu	WEE275	HMBR037	HMBR039	BHI	HMBR037	Ward_3	Bed_Rail	Plastic	Empty	1	MDRO_wards	3	s2	../tables/Enterococcus_faecalis_canu_mummer_heatmap.dat
s_3417	1	N218_BC11	Enterococcus_faecalis	3244579	3212328	Aac6-Aph2;MphD;TetM;TetM;LsaA;	HIGH_QUAL	Canu	WEE316	HMBL115_02	HMBL117_02	BHI	HMBL115	Ward_4	Bedside_Locker	Wood	Empty	2	Standard_wards	4	s1	../tables/Enterococcus_faecalis_canu_mummer_heatmap.dat
s_3419	1	N219_BC10	Enterococcus_faecalis	3256157	3223792	Aac6-Aph2;TetM;TetM;MphD;LsaA;	HIGH_QUAL	Canu	WEE046	HMD007_02	HMD009_02	BHI	HMD007	Room_3	Door_Handle	Metal	Empty	2	Isolation_rooms	NA	s1	../tables/Enterococcus_faecalis_canu_mummer_heatmap.dat
s_3421	1	N221_BC09	Enterococcus_faecalis	3218968	2451204	Aac6-Aph2;TetM;TetM;LsaA;MphD;Aac6-Aph2;	HIGH_QUAL	Canu	WEE104	HMBL085_02	HMBL087_02	BHI	HMBL085	Ward_2	Bedside_Locker	Wood	Moderate_(2-5)	2	Standard_wards	4	s1	../tables/Enterococcus_faecalis_canu_mummer_heatmap.dat
s_3423	1	N223_BC03	Enterococcus_faecalis	3300727	3254595	Aac6-Aph2;MphD;TetM;TetM;LsaA;	HIGH_QUAL	Canu	WEE201	HMBL034_02	HMBL036_02	BHI	HMBL034	Ward_3	Bedside_Locker	Wood	Empty	2	MDRO_wards	2	s1	../tables/Enterococcus_faecalis_canu_mummer_heatmap.dat
s_3424	5	N223_BC07	Enterococcus_faecalis	3080614	3049986	Ant6-Ia;Aph3-III;ErmB;CatA;MphD;LsaA;TetM;	HIGH_QUAL	Canu	WEE169	HMBR010_02	HMBR012_02	BHI	HMBR010	Ward_1	Bed_Rail	Metal	Empty	2	MDRO_wards	4	s5	../tables/Enterococcus_faecalis_canu_mummer_heatmap.dat
s_3425	8	N225_BC05	Enterococcus_faecalis	3034045	3003879	Aac6-Aph2;TetM;MphD;LsaA;	HIGH_QUAL	Canu	WEE271	HMBR013	HMBR015	AMP	HMBR013	Ward_1	Bed_Rail	Metal	Empty	1	MDRO_wards	5	s8	../tables/Enterococcus_faecalis_canu_mummer_heatmap.dat
s_3428	3	N228_BC09	Enterococcus_faecalis	3244451	373520	MphD;TetM;LsaA;	HIGH_QUAL	Canu	WEE206	HMBR040_02	HMBR042_02	BHI	HMBR040	Ward_3	Bed_Rail	Plastic	Empty	2	MDRO_wards	4	s3	../tables/Enterococcus_faecalis_canu_mummer_heatmap.dat
s_3431	1	N229_BC04	Enterococcus_faecalis	3251826	2103380	Aac6-Aph2;MphD;LsaA;TetM;TetM;	HIGH_QUAL	Canu	WEE037	HMBR127_02	HMBR129_02	TET	HMBR127	Room_3	Bed_Rail	Plastic	Empty	2	Isolation_rooms	NA	s1	../tables/Enterococcus_faecalis_canu_mummer_heatmap.dat
s_3432	1	N230_BC01	Enterococcus_faecalis	3256508	3204754	Aac6-Aph2;TetM;TetM;MphD;LsaA;	HIGH_QUAL	Canu	WEE033	HMBL127_02	HMBL129_02	CHLOR	HMBL127	Room_3	Bedside_Locker	Wood	Empty	2	Isolation_rooms	NA	s1	../tables/Enterococcus_faecalis_canu_mummer_heatmap.dat
s_3433	1	N230_BC04	Enterococcus_faecalis	3347795	1947410	Aac6-Aph2;MphD;TetM;TetM;LsaA;TetM;	HIGH_QUAL	Canu	WEE208	HMBR040	HMBR042	AMP	HMBR040	Ward_3	Bed_Rail	Plastic	Empty	1	MDRO_wards	4	s1	../tables/Enterococcus_faecalis_canu_mummer_heatmap.dat
s_3434	1	N230_BC05	Enterococcus_faecalis	2498413	68837	LsaA;Aac6-Aph2;MphD;TetM;	HIGH_QUAL	Canu	WEE208	HMBR040	HMBR042	CHLOR	HMBR040	Ward_3	Bed_Rail	Plastic	Empty	1	MDRO_wards	4	s1	../tables/Enterococcus_faecalis_canu_mummer_heatmap.dat
s_3435	1	N230_BC06	Enterococcus_faecalis	3261668	2477050	TetM;Aac6-Aph2;MphD;LsaA;	HIGH_QUAL	Canu	WEE208	HMBR040	HMBR042	TET	HMBR040	Ward_3	Bed_Rail	Plastic	Empty	1	MDRO_wards	4	s1	../tables/Enterococcus_faecalis_canu_mummer_heatmap.dat
s_3436	4	N230_BC09	Enterococcus_faecalis	3076927	3046337	LsaA;MphD;	HIGH_QUAL	Canu	WEE297	HMBL004	HMBL006	CHLOR	HMBL004	Ward_1	Bedside_Locker	Wood	Empty	1	MDRO_wards	2	s4	../tables/Enterococcus_faecalis_canu_mummer_heatmap.dat
s_3437	7	N231_BC04	Enterococcus_faecalis	2567802	494407	LsaA;MphD;	HIGH_QUAL	Canu	WEE302	HMBR028	HMBR030	CHLOR	HMBR028	Ward_2	Bed_Rail	Metal	Moderate_(2-5)	1	MDRO_wards	5	s7	../tables/Enterococcus_faecalis_canu_mummer_heatmap.dat
s_3438	6	N231_BC05	Enterococcus_faecalis	2587578	180562	MphD;TetM;LsaA;	HIGH_QUAL	Canu	WEE059	HMBR016_02	HMBR018_02	AMP	HMBR016	Ward_2	Bed_Rail	Metal	Empty	2	MDRO_wards	1	s6	../tables/Enterococcus_faecalis_canu_mummer_heatmap.dat
s_3444	1	N233_BC07	Enterococcus_faecalis	3195942	2554642	Aac6-Aph2;TetM;MphD;LsaA;	HIGH_QUAL	Canu	WEE037	HMBR127_02	HMBR129_02	KAN	HMBR127	Room_3	Bed_Rail	Plastic	Empty	2	Isolation_rooms	NA	s1	../tables/Enterococcus_faecalis_canu_mummer_heatmap.dat
s_3445	1	N233_BC08	Enterococcus_faecalis	3230163	3186496	Aac6-Aph2;TetM;TetM;MphD;LsaA;	HIGH_QUAL	Canu	WEE037	HMBR127_02	HMBR129_02	STREP	HMBR127	Room_3	Bed_Rail	Plastic	Empty	2	Isolation_rooms	NA	s1	../tables/Enterococcus_faecalis_canu_mummer_heatmap.dat
s_3446	1	N236_BC03	Enterococcus_faecalis	3178364	365209	TetM;MphD;LsaA;Aac6-Aph2;	HIGH_QUAL	Canu	WEE365	HMD007	HMD009	AMP	HMD007	Room_3	Door_Handle	Metal	Empty	1	Isolation_rooms	NA	s1	../tables/Enterococcus_faecalis_canu_mummer_heatmap.dat
s_3447	1	N237_BC01	Enterococcus_faecalis	3254320	2887464	Aac6-Aph2;TetM;TetM;MphD;LsaA;TetM;	HIGH_QUAL	Canu	WEE365	HMD007	HMD009	BHI	HMD007	Room_3	Door_Handle	Metal	Empty	1	Isolation_rooms	NA	s1	../tables/Enterococcus_faecalis_canu_mummer_heatmap.dat
s_3448	9	N237_BC08	Enterococcus_faecalis	2733521	2706329	MphD;LsaA;	HIGH_QUAL	Canu	WEE321	HMBR097_02	HMBR099_02	BHI	HMBR097	Ward_3	Bed_Rail	Metal	Empty	2	Standard_wards	3	s9	../tables/Enterococcus_faecalis_canu_mummer_heatmap.dat
s_3449	1	N240_BC09	Enterococcus_faecalis	3238986	360362	TetM;MphD;Aac6-Aph2;LsaA;TetM;TetM;	HIGH_QUAL	Canu	WEE043	HMCT127_02	HMCT129_02	BHI	HMCT127	Room_3	Cardiac_Table	Metal_and_Wood	Empty	2	Isolation_rooms	NA	s1	../tables/Enterococcus_faecalis_canu_mummer_heatmap.dat
s_3672	2	N101_BC03	Klebsiella_pneumoniae	5312798	755091	OqxB;OqxA;SHV-OKP-LEN;OXA-1;TetA;AacAad;StrA;CTX-M-1;TEM-1D;DfrA5;CatBx;SulII;QnrB;StrB;Aac3-IIa;AmpH;	HIGH_QUAL	Canu	WEE039	HMBR133	HMBR135	STREP	HMBR133	Room_5	Bed_Rail	Plastic	Moderate_(2-5)	1	Isolation_rooms	NA	s2	../tables/Klebsiella_pneumoniae_canu_mummer_heatmap.dat
s_3673	2	N101_BC04	Klebsiella_pneumoniae	5667283	5298258	SHV-OKP-LEN;OqxB;AmpH;OqxA;DfrA1;TetA;Aph3Ia;SulIII;TEM-1D;Qnr-S;AadA;TetA;StrB;OXA-1;AacAad;CTX-M-1;StrA;DfrA5;CatBx;Aac3-IIa;FloR;SulII;QnrB;	HIGH_QUAL	Canu	WEE039	HMBR133	HMBR135	KAN	HMBR133	Room_5	Bed_Rail	Plastic	Moderate_(2-5)	1	Isolation_rooms	NA	s2	../tables/Klebsiella_pneumoniae_canu_mummer_heatmap.dat
s_3674	2	N106_BC07	Klebsiella_pneumoniae	5379373	5325985	SHV-OKP-LEN;AmpH;OqxB;OqxA;	HIGH_QUAL	Canu	WEE039	HMBR133	HMBR135	CHLOR	HMBR133	Room_5	Bed_Rail	Plastic	Moderate_(2-5)	1	Isolation_rooms	NA	s2	../tables/Klebsiella_pneumoniae_canu_mummer_heatmap.dat
s_3675	2	N106_BC08	Klebsiella_pneumoniae	5516696	5310337	SHV-OKP-LEN;AmpH;OqxB;OqxA;OXA-1;StrA;TEM-1D;CTX-M-1;Aac3-IIa;StrB;TetA;CatBx;AacAad;SulII;DfrA5;QnrB;	HIGH_QUAL	Canu	WEE039	HMBR133	HMBR135	TET	HMBR133	Room_5	Bed_Rail	Plastic	Moderate_(2-5)	1	Isolation_rooms	NA	s2	../tables/Klebsiella_pneumoniae_canu_mummer_heatmap.dat
s_3676	1	N107_BC04	Klebsiella_pneumoniae	5084425	5033957	SHV-OKP-LEN;AmpH;OqxB;OqxA;	HIGH_QUAL	Canu	WEE181	HMP018	HMP020	STREP	HMP018	Ward_1	Pulse_Oxymeter	Rubber	Empty	1	Standard_wards	NA	s1	../tables/Klebsiella_pneumoniae_canu_mummer_heatmap.dat
s_3677	10	N112_BC02	Klebsiella_pneumoniae	5391383	5337876	SHV-OKP-LEN;AmpH;	HIGH_QUAL	Canu	WEE256	HMBR046	HMBR048	AMP	HMBR046	Ward_4	Bed_Rail	Plastic	Empty	1	MDRO_wards	1	s10	../tables/Klebsiella_pneumoniae_canu_mummer_heatmap.dat
s_3678	5	N112_BC08	Klebsiella_pneumoniae	5272235	5219907	SHV-OKP-LEN;OqxB;OqxA;AmpH;	HIGH_QUAL	Canu	WEE034	HMBL130	HMBL132	AMP	HMBL130	Room_4	Bedside_Locker	Wood	Moderate_(2-5)	1	Isolation_rooms	NA	s5	../tables/Klebsiella_pneumoniae_canu_mummer_heatmap.dat
s_3679	5	N112_BC09	Klebsiella_pneumoniae	5260901	5208686	SHV-OKP-LEN;OqxB;OqxA;AmpH;	HIGH_QUAL	Canu	WEE034	HMBL130	HMBL132	CHLOR	HMBL130	Room_4	Bedside_Locker	Wood	Moderate_(2-5)	1	Isolation_rooms	NA	s5	../tables/Klebsiella_pneumoniae_canu_mummer_heatmap.dat
s_3680	5	N112_BC10	Klebsiella_pneumoniae	5263034	5210798	SHV-OKP-LEN;OqxB;AmpH;OqxA;	HIGH_QUAL	Canu	WEE034	HMBL130	HMBL132	KAN	HMBL130	Room_4	Bedside_Locker	Wood	Moderate_(2-5)	1	Isolation_rooms	NA	s5	../tables/Klebsiella_pneumoniae_canu_mummer_heatmap.dat
s_3681	10	N115_BC04	Klebsiella_pneumoniae	5420761	5366963	SHV-OKP-LEN;AmpH;	HIGH_QUAL	Canu	WEE256	HMBR046	HMBR048	KAN	HMBR046	Ward_4	Bed_Rail	Plastic	Empty	1	MDRO_wards	1	s10	../tables/Klebsiella_pneumoniae_canu_mummer_heatmap.dat
s_3682	6	N115_BC05	Klebsiella_pneumoniae	5282239	5229812	SHV-OKP-LEN;OqxA;OqxB;AmpH;	HIGH_QUAL	Canu	WEE187	HMBR052	HMBR054	KAN	HMBR052	Ward_4	Bed_Rail	Plastic	Low_(less_than_2)	1	MDRO_wards	3	s6	../tables/Klebsiella_pneumoniae_canu_mummer_heatmap.dat
s_3683	6	N115_BC06	Klebsiella_pneumoniae	5299119	5246525	SHV-OKP-LEN;OqxB;AmpH;OqxA;	HIGH_QUAL	Canu	WEE187	HMBR052	HMBR054	STREP	HMBR052	Ward_4	Bed_Rail	Plastic	Low_(less_than_2)	1	MDRO_wards	3	s6	../tables/Klebsiella_pneumoniae_canu_mummer_heatmap.dat
s_3684	6	N115_BC07	Klebsiella_pneumoniae	5304898	3141396	AmpH;SHV-OKP-LEN;OqxB;OqxA;	HIGH_QUAL	Canu	WEE187	HMBR052	HMBR054	TET	HMBR052	Ward_4	Bed_Rail	Plastic	Low_(less_than_2)	1	MDRO_wards	3	s6	../tables/Klebsiella_pneumoniae_canu_mummer_heatmap.dat
s_3685	4	N126_BC04	Klebsiella_pneumoniae	5211635	5159908	SHV-OKP-LEN;OqxB;AmpH;OqxA;	HIGH_QUAL	Canu	WEE086	HMBL064	HMBL066	AMP	HMBL064	Ward_1	Bedside_Locker	Metal_and_Wood	Empty	1	Standard_wards	2	s4	../tables/Klebsiella_pneumoniae_canu_mummer_heatmap.dat
s_3686	4	N126_BC05	Klebsiella_pneumoniae	5177184	3966778	OqxB;AmpH;OqxA;SHV-OKP-LEN;	HIGH_QUAL	Canu	WEE086	HMBL064	HMBL066	KAN	HMBL064	Ward_1	Bedside_Locker	Metal_and_Wood	Empty	1	Standard_wards	2	s4	../tables/Klebsiella_pneumoniae_canu_mummer_heatmap.dat
s_3687	4	N126_BC07	Klebsiella_pneumoniae	5168145	1243348	SHV-OKP-LEN;OqxB;OqxA;AmpH;	HIGH_QUAL	Canu	WEE086	HMBL064	HMBL066	TET	HMBL064	Ward_1	Bedside_Locker	Metal_and_Wood	Empty	1	Standard_wards	2	s4	../tables/Klebsiella_pneumoniae_canu_mummer_heatmap.dat
s_3690	2	N136_BC12	Klebsiella_pneumoniae	5283668	450432	AmpH;OqxB;OqxA;SHV-OKP-LEN;	HIGH_QUAL	Canu	WEE141	HMST042	HMST044	AMP	HMST042	Room_5	Sink_Trap	Metal	Moderate_(2-5)	1	Isolation_rooms	NA	s2	../tables/Klebsiella_pneumoniae_canu_mummer_heatmap.dat
s_3691	2	N137_BC01	Klebsiella_pneumoniae	5150111	220058	AmpH;OqxB;OqxA;SHV-OKP-LEN;	HIGH_QUAL	Canu	WEE141	HMST042	HMST044	CHLOR	HMST042	Room_5	Sink_Trap	Metal	Moderate_(2-5)	1	Isolation_rooms	NA	s2	../tables/Klebsiella_pneumoniae_canu_mummer_heatmap.dat
s_3692	2	N137_BC02	Klebsiella_pneumoniae	5294695	2865040	AmpH;SHV-OKP-LEN;OqxB;OqxA;	HIGH_QUAL	Canu	WEE141	HMST042	HMST044	KAN	HMST042	Room_5	Sink_Trap	Metal	Moderate_(2-5)	1	Isolation_rooms	NA	s2	../tables/Klebsiella_pneumoniae_canu_mummer_heatmap.dat
s_3693	2	N137_BC03	Klebsiella_pneumoniae	5510649	5303091	SHV-OKP-LEN;OqxB;AmpH;OqxA;CTX-M-1;TEM-1D;StrB;StrA;Aac3-IIa;SulII;QnrB;DfrA5;	HIGH_QUAL	Canu	WEE141	HMST042	HMST044	STREP	HMST042	Room_5	Sink_Trap	Metal	Moderate_(2-5)	1	Isolation_rooms	NA	s2	../tables/Klebsiella_pneumoniae_canu_mummer_heatmap.dat
s_3694	9	N137_BC04	Klebsiella_pneumoniae	5135724	5071686	SHV-OKP-LEN;OqxA;OqxB;AmpH;	HIGH_QUAL	Canu	WEE041	HMCT121	HMCT123	CHLOR	HMCT121	Room_1	Cardiac_Table	Metal	Low_(less_than_2)	1	Isolation_rooms	NA	s9	../tables/Klebsiella_pneumoniae_canu_mummer_heatmap.dat
s_3698	2	N150_BC07	Klebsiella_pneumoniae	4849385	193433	SHV-OKP-LEN;StrB;StrA;CTX-M-1;SulII;TEM-1D;DfrA5;Aac3-IIa;QnrB;AmpH;	HIGH_QUAL	Canu	WEE141	HMST042	HMST044	TET	HMST042	Room_5	Sink_Trap	Metal	Moderate_(2-5)	1	Isolation_rooms	NA	s2	../tables/Klebsiella_pneumoniae_canu_mummer_heatmap.dat
s_3700	8	N154_BC03	Klebsiella_pneumoniae	5345624	5292571	SHV-OKP-LEN;OqxB;AmpH;OqxA;	HIGH_QUAL	Canu	WEE212	HMBL055	HMBL057	STREP	HMBL055	Ward_4	Bedside_Locker	Wood	Empty	1	MDRO_wards	4	s8	../tables/Klebsiella_pneumoniae_canu_mummer_heatmap.dat
s_3701	4	N157_BC05	Klebsiella_pneumoniae	5148697	3158490	SHV-OKP-LEN;AmpH;OqxB;OqxA;	HIGH_QUAL	Canu	WEE082	HMBR091	HMBR093	AMP	HMBR091	Ward_3	Bed_Rail	Metal	Empty	1	Standard_wards	1	s4	../tables/Klebsiella_pneumoniae_canu_mummer_heatmap.dat
s_3702	7	N161_BC11	Klebsiella_pneumoniae	5179136	3642799	OqxA;OqxB;AmpH;SHV-OKP-LEN;	HIGH_QUAL	Canu	WEE153	HMCT133	HMCT135	AMP	HMCT133	Room_5	Cardiac_Table	Metal	Moderate_(2-5)	1	Isolation_rooms	NA	s7	../tables/Klebsiella_pneumoniae_canu_mummer_heatmap.dat
s_3703	7	N161_BC12	Klebsiella_pneumoniae	4979212	268296	OqxA;OqxB;AmpH;SHV-OKP-LEN;	HIGH_QUAL	Canu	WEE153	HMCT133	HMCT135	STREP	HMCT133	Room_5	Cardiac_Table	Metal	Moderate_(2-5)	1	Isolation_rooms	NA	s7	../tables/Klebsiella_pneumoniae_canu_mummer_heatmap.dat
s_3705	3	N182_BC09	Klebsiella_pneumoniae	5154418	1019233	SHV-OKP-LEN;AmpH;SHV-OKP-LEN;OqxB;OqxA;	HIGH_QUAL	Canu	WEE154	HMBR007_02	HMBR009_02	AMP	HMBR007	Ward_1	Bed_Rail	Metal	Empty	2	MDRO_wards	3	s3	../tables/Klebsiella_pneumoniae_canu_mummer_heatmap.dat
s_3706	5	N194_BC12	Klebsiella_pneumoniae	5270192	5064653	SHV-OKP-LEN;OqxB;AmpH;OqxA;	HIGH_QUAL	Canu	WEE034	HMBL130	HMBL132	BHI	HMBL130	Room_4	Bedside_Locker	Wood	Moderate_(2-5)	1	Isolation_rooms	NA	s5	../tables/Klebsiella_pneumoniae_canu_mummer_heatmap.dat
s_3707	4	N195_BC10	Klebsiella_pneumoniae	5135615	4764358	SHV-OKP-LEN;OqxB;AmpH;OqxA;	HIGH_QUAL	Canu	WEE082	HMBR091	HMBR093	STREP	HMBR091	Ward_3	Bed_Rail	Metal	Empty	1	Standard_wards	1	s4	../tables/Klebsiella_pneumoniae_canu_mummer_heatmap.dat
s_3708	3	N197_BC12	Klebsiella_pneumoniae	5115178	311594	OqxB;OqxA;AmpH;SHV-OKP-LEN;SHV-OKP-LEN;	HIGH_QUAL	Canu	WEE154	HMBR007_02	HMBR009_02	CHLOR	HMBR007	Ward_1	Bed_Rail	Metal	Empty	2	MDRO_wards	3	s3	../tables/Klebsiella_pneumoniae_canu_mummer_heatmap.dat
s_3709	10	N200_BC07	Klebsiella_pneumoniae	5450550	1538736	AmpH;SHV-OKP-LEN;	HIGH_QUAL	Canu	WEE256	HMBR046	HMBR048	BHI	HMBR046	Ward_4	Bed_Rail	Plastic	Empty	1	MDRO_wards	1	s10	../tables/Klebsiella_pneumoniae_canu_mummer_heatmap.dat
s_3710	6	N201_BC03	Klebsiella_pneumoniae	5262047	2907302	OqxB;OqxA;SHV-OKP-LEN;SHV-OKP-LEN;AmpH;	HIGH_QUAL	Canu	WEE187	HMBR052	HMBR054	BHI	HMBR052	Ward_4	Bed_Rail	Plastic	Low_(less_than_2)	1	MDRO_wards	3	s6	../tables/Klebsiella_pneumoniae_canu_mummer_heatmap.dat
s_3719	8	N214_BC11	Klebsiella_pneumoniae	5397719	5344150	SHV-OKP-LEN;OqxB;OqxA;AmpH;SHV-OKP-LEN;	HIGH_QUAL	Canu	WEE212	HMBL055	HMBL057	BHI	HMBL055	Ward_4	Bedside_Locker	Wood	Empty	1	MDRO_wards	4	s8	../tables/Klebsiella_pneumoniae_canu_mummer_heatmap.dat
s_3720	7	N215_BC08	Klebsiella_pneumoniae	5197623	795339	OqxA;OqxB;SHV-OKP-LEN;SHV-OKP-LEN;AmpH;	HIGH_QUAL	Canu	WEE153	HMCT133	HMCT135	BHI	HMCT133	Room_5	Cardiac_Table	Metal	Moderate_(2-5)	1	Isolation_rooms	NA	s7	../tables/Klebsiella_pneumoniae_canu_mummer_heatmap.dat
s_3721	4	N215_BC09	Klebsiella_pneumoniae	5143916	3550152	OqxB;AmpH;OqxA;SHV-OKP-LEN;	HIGH_QUAL	Canu	WEE082	HMBR091	HMBR093	BHI	HMBR091	Ward_3	Bed_Rail	Metal	Empty	1	Standard_wards	1	s4	../tables/Klebsiella_pneumoniae_canu_mummer_heatmap.dat
s_3722	2	N216_BC03	Klebsiella_pneumoniae	5766000	2917872	SHV-OKP-LEN;OqxB;OqxA;AmpH;DfrA1;Qnr-S;OXA-1;StrA;AadA;TetA;TetA;CTX-M-1;StrB;SulII;SulIII;CatBx;AacAad;Aph3Ia;FloR;TEM-1D;Aac3-IIa;QnrB;DfrA5;	HIGH_QUAL	Canu	WEE039	HMBR133	HMBR135	BHI	HMBR133	Room_5	Bed_Rail	Plastic	Moderate_(2-5)	1	Isolation_rooms	NA	s2	../tables/Klebsiella_pneumoniae_canu_mummer_heatmap.dat
s_3726	3	N222_BC10	Klebsiella_pneumoniae	5327310	5120835	SHV-OKP-LEN;AmpH;OqxB;OqxA;	HIGH_QUAL	Canu	WEE154	HMBR007_02	HMBR009_02	BHI	HMBR007	Ward_1	Bed_Rail	Metal	Empty	2	MDRO_wards	3	s3	../tables/Klebsiella_pneumoniae_canu_mummer_heatmap.dat
s_3727	2	N225_BC01	Klebsiella_pneumoniae	5740779	5317051	SHV-OKP-LEN;AmpH;OqxB;OqxA;DfrA1;Qnr-S;StrA;TetA;SulIII;TetA;CTX-M-1;Aph3Ia;SulII;AadA;StrB;OXA-1;FloR;TEM-1D;CatBx;Aac3-IIa;AacAad;QnrB;DfrA5;	HIGH_QUAL	Canu	WEE039	HMBR133	HMBR135	AMP	HMBR133	Room_5	Bed_Rail	Plastic	Moderate_(2-5)	1	Isolation_rooms	NA	s2	../tables/Klebsiella_pneumoniae_canu_mummer_heatmap.dat
s_3728	6	N225_BC04	Klebsiella_pneumoniae	5322582	2835865	SHV-OKP-LEN;OqxA;OqxB;SHV-OKP-LEN;AmpH;	HIGH_QUAL	Canu	WEE187	HMBR052	HMBR054	AMP	HMBR052	Ward_4	Bed_Rail	Plastic	Low_(less_than_2)	1	MDRO_wards	3	s6	../tables/Klebsiella_pneumoniae_canu_mummer_heatmap.dat
s_3729	9	N225_BC12	Klebsiella_pneumoniae	5148721	940276	OqxB;OqxA;SHV-OKP-LEN;AmpH;	HIGH_QUAL	Canu	WEE363	HMP030	HMP032	CHLOR	HMP030	Room_1	Pulse_Oxymeter	Rubber	Low_(less_than_2)	1	Isolation_rooms	NA	s9	../tables/Klebsiella_pneumoniae_canu_mummer_heatmap.dat
s_3732	2	N229_BC03	Klebsiella_pneumoniae	5789342	5368669	SHV-OKP-LEN;AmpH;OqxB;OqxA;DfrA1;DfrA;SulI;StrB;Qnr-S;StrA;AadA;SulIII;TetA;TetA;CTX-M-1;OXA-1;SulII;CatBx;TEM-1D;AadA;FloR;QnrB;AacAad;Aac3-IIa;Aph3Ia;DHA;QnrB;DfrA5;	HIGH_QUAL	Canu	WEE037	HMBR127_02	HMBR129_02	CHLOR	HMBR127	Room_3	Bed_Rail	Plastic	Empty	2	Isolation_rooms	NA	s2	../tables/Klebsiella_pneumoniae_canu_mummer_heatmap.dat
s_3735	2	N233_BC07	Klebsiella_pneumoniae	5561355	5349754	SHV-OKP-LEN;AmpH;OqxB;OqxA;OXA-1;TetA;AadA;SulIII;CatBx;AacAad;FloR;Aph3Ia;DfrA5;Aac3-IIa;QnrB;	HIGH_QUAL	Canu	WEE037	HMBR127_02	HMBR129_02	KAN	HMBR127	Room_3	Bed_Rail	Plastic	Empty	2	Isolation_rooms	NA	s2	../tables/Klebsiella_pneumoniae_canu_mummer_heatmap.dat
s_3737	11	N237_BC04	Klebsiella_pneumoniae	5274853	3203125	SHV-OKP-LEN;AmpH;OqxA;OqxB;	HIGH_QUAL	Canu	WEE343	HMCT100_02	HMCT102_02	BHI	HMCT100	Ward_3	Cardiac_Table	Metal_and_Wood	Empty	2	Standard_wards	4	s11	../tables/Klebsiella_pneumoniae_canu_mummer_heatmap.dat
