uuid,metasub_name,core_project,project,city,city_code,latitude,longitude,surface_material,control_type,elevation,line,station,surface,temperature,traffic,setting,num_reads,city_latitude,city_longitude,coastal_city,city_total_population,city_population_density,city_land_area_km2,city_ave_june_temp_c,city_elevation_meters,continent,barcode,ha_id,hudson_alpha_flowcell,hudson_alpha_project,index_sequence,location_type,hudson_alpha_uid,other_project_uid,plate_number,plate_pos,sample_type,sl_name
haib18CEM5453_HT5YVCCXY_SL357394,CSD17-SIN-001,core,CSD17,singapore,SIN,1.301426787,103.7985286,metal,,above_ground_open,ewl,tanglin,overhead_handrail,,,urban,5626363,1.28967,103.85007,yes,5791901,7796,723.2,29.2,163.63,east_asia,235183905,5453-CEM-0753,HT5YVCCXY,haib18CEM5453,CCGTGCTT-CCAGGTGG,,haib18CEM5453_HT5YVCCXY_SL357394,,,,,SL357394
haib18CEM5453_HT5YVCCXY_SL357395,CSD17-SIN-002,core,CSD17,singapore,SIN,1.301454771,103.7984709,metal,,above_ground_open,ewl,tanglin,overhead_handrail,,,urban,3297223,1.28967,103.85007,yes,5791901,7796,723.2,29.2,163.63,east_asia,235183533,5453-CEM-0754,HT5YVCCXY,haib18CEM5453,CCTGACTC-TGATCTTA,,haib18CEM5453_HT5YVCCXY_SL357395,,,,,SL357395
haib18CEM5453_HT5YVCCXY_SL357396,CSD17-SIN-003,core,CSD17,singapore,SIN,1.301243377,103.7992393,metal,,above_ground_open,ewl,tanglin,pedestrian_crossing_button,,moderate,urban,5651860,1.28967,103.85007,yes,5791901,7796,723.2,29.2,163.63,east_asia,235184838,5453-CEM-0755,HT5YVCCXY,haib18CEM5453,AGCCGTGT-CACAGCTC,,haib18CEM5453_HT5YVCCXY_SL357396,,,,,SL357396
haib18CEM5453_HT5YVCCXY_SL357397,CSD17-SIN-004,core,CSD17,singapore,SIN,1.301187106,103.7991766,metal,,above_ground_open,ewl,tanglin,pedestrian_crossing_button,,moderate,urban,6363703,1.28967,103.85007,yes,5791901,7796,723.2,29.2,163.63,east_asia,235184806,5453-CEM-0756,HT5YVCCXY,haib18CEM5453,CTTAACAT-TGATAGTG,,haib18CEM5453_HT5YVCCXY_SL357397,,,,,SL357397
haib18CEM5453_HT5YVCCXY_SL357398,CSD17-SIN-005,core,CSD17,singapore,SIN,1.301013769,103.7995407,metal,,above_ground_open,ewl,tanglin,vert_pole,,,urban,5774987,1.28967,103.85007,yes,5791901,7796,723.2,29.2,163.63,east_asia,235185291,5453-CEM-0757,HT5YVCCXY,haib18CEM5453,AATCGCCA-ATAACCGA,,haib18CEM5453_HT5YVCCXY_SL357398,,,,,SL357398
haib18CEM5453_HT5YVCCXY_SL357399,CSD17-SIN-006,core,CSD17,singapore,SIN,1.300918082,103.7992953,metal,,above_ground_open,ewl,tanglin,vert_pole,,,urban,5380118,1.28967,103.85007,yes,5791901,7796,723.2,29.2,163.63,east_asia,235183987,5453-CEM-0758,HT5YVCCXY,haib18CEM5453,CTCCGCAA-TAAGCTCA,,haib18CEM5453_HT5YVCCXY_SL357399,,,,,SL357399
haib18CEM5453_HT5YVCCXY_SL357400,CSD17-SIN-007,core,CSD17,singapore,SIN,1.301154085,103.7994502,plastic,,above_ground_open,ewl,tanglin,garbage_can,,,urban,5994676,1.28967,103.85007,yes,5791901,7796,723.2,29.2,163.63,east_asia,235184813,5453-CEM-0759,HT5YVCCXY,haib18CEM5453,AGGTCGAC-ACTACGGT,,haib18CEM5453_HT5YVCCXY_SL357400,,,,,SL357400
haib18CEM5453_HT5YVCCXY_SL357401,CSD17-SIN-008,core,CSD17,singapore,SIN,1.301109704,103.7995284,plastic,,above_ground_open,ewl,tanglin,garbage_can,,,urban,4391677,1.28967,103.85007,yes,5791901,7796,723.2,29.2,163.63,east_asia,235183980,5453-CEM-0760,HT5YVCCXY,haib18CEM5453,TCCGAACA-AGAGGTTC,,haib18CEM5453_HT5YVCCXY_SL357401,,,,,SL357401
haib18CEM5453_HT5YVCCXY_SL357402,CSD17-SIN-009,core,CSD17,singapore,SIN,1.3007012,103.7991785,metal,,above_ground_open,ewl,tanglin,handrail,,,urban,5484164,1.28967,103.85007,yes,5791901,7796,723.2,29.2,163.63,east_asia,235185544,5453-CEM-0761,HT5YVCCXY,haib18CEM5453,CCACGGCT-TTACACCA,,haib18CEM5453_HT5YVCCXY_SL357402,,,,,SL357402
haib18CEM5453_HT5YVCCXY_SL357403,CSD17-SIN-010,core,CSD17,singapore,SIN,1.3007012,103.7991785,metal,,above_ground_open,ewl,tanglin,handrail,,,urban,3674254,1.28967,103.85007,yes,5791901,7796,723.2,29.2,163.63,east_asia,235184770,5453-CEM-0762,HT5YVCCXY,haib18CEM5453,TTATGCAA-TACGGCAT,,haib18CEM5453_HT5YVCCXY_SL357403,,,,,SL357403
haib18CEM5453_HT5YVCCXY_SL357404,CSD17-SIN-011,core,CSD17,singapore,SIN,1.301174,103.7996765,metal,,above_ground_open,ewl,tanglin,bike_kiosk,,,urban,3627778,1.28967,103.85007,yes,5791901,7796,723.2,29.2,163.63,east_asia,235186180,5453-CEM-0763,HT5YVCCXY,haib18CEM5453,CGAATATG-CGTCTTCG,,haib18CEM5453_HT5YVCCXY_SL357404,,,,,SL357404
haib18CEM5453_HT5YVCCXY_SL357405,CSD17-SIN-012,core,CSD17,singapore,SIN,1.301159626,103.7994386,metal,,above_ground_open,ewl,tanglin,bike_kiosk,,,urban,3727015,1.28967,103.85007,yes,5791901,7796,723.2,29.2,163.63,east_asia,235183555,5453-CEM-0764,HT5YVCCXY,haib18CEM5453,CGTAATGT-ACCAAGAC,,haib18CEM5453_HT5YVCCXY_SL357405,,,,,SL357405
haib17CEM5241_HMGMHCCXY_SL343391,CSD17-SIN-025,core,CSD17,singapore,SIN,1.384423,103.745196,metal,,above_ground_open,nsl,cck,overhead_handrail,,not crowded,urban,5918346,1.28967,103.85007,yes,5791901,7796,723.2,29.2,163.63,east_asia,235162298,5241-CEM-0185,HMGMHCCXY,haib17CEM5241,TGTTATAT-CGATGACG,,haib17CEM5241_HMGMHCCXY_SL343391,,,,,SL343391
haib17CEM5241_HMGMHCCXY_SL343392,CSD17-SIN-026,core,CSD17,singapore,SIN,1.384417,103.745185,metal,,above_ground_open,nsl,cck,overhead_handrail,,,urban,3014164,1.28967,103.85007,yes,5791901,7796,723.2,29.2,163.63,east_asia,235163119,5241-CEM-0186,HMGMHCCXY,haib17CEM5241,CATCCGTG-CGTTCCAG,,haib17CEM5241_HMGMHCCXY_SL343392,,,,,SL343392
haib17CEM5241_HMGMHCCXY_SL343393,CSD17-SIN-028,core,CSD17,singapore,SIN,1.384305,103.744526,metal,,above_ground_open,nsl,cck,pedestrian_crossing_button,,,urban,4982012,1.28967,103.85007,yes,5791901,7796,723.2,29.2,163.63,east_asia,235163335,5241-CEM-0188,HMGMHCCXY,haib17CEM5241,TGGAAGCA-TGGTAATC,,haib17CEM5241_HMGMHCCXY_SL343393,,,,,SL343393
haib17CEM5241_HMGMHCCXY_SL343394,CSD17-SIN-029,core,CSD17,singapore,SIN,1.384198,103.744375,painted_metal,,above_ground_open,nsl,cck,vert_pole,,,urban,6237947,1.28967,103.85007,yes,5791901,7796,723.2,29.2,163.63,east_asia,235185555,5241-CEM-0189,HMGMHCCXY,haib17CEM5241,TGGTCCTT-ACCACCTG,,haib17CEM5241_HMGMHCCXY_SL343394,,,,,SL343394
haib17CEM5241_HMGMHCCXY_SL343395,CSD17-SIN-030,core,CSD17,singapore,SIN,1.384149,103.744225,painted_metal,,above_ground_open,nsl,cck,vert_pole,,,urban,3027682,1.28967,103.85007,yes,5791901,7796,723.2,29.2,163.63,east_asia,235163286,5241-CEM-0190,HMGMHCCXY,haib17CEM5241,CTGCTGCG-TCTATCGA,,haib17CEM5241_HMGMHCCXY_SL343395,,,,,SL343395
haib17CEM5241_HMGMHCCXY_SL343396,CSD17-SIN-032,core,CSD17,singapore,SIN,1.384144,103.744214,plastic,,above_ground_open,nsl,cck,garbage_can,,,urban,3853852,1.28967,103.85007,yes,5791901,7796,723.2,29.2,163.63,east_asia,235184942,5241-CEM-0192,HMGMHCCXY,haib17CEM5241,TATTAATT-CAACCTAC,,haib17CEM5241_HMGMHCCXY_SL343396,,,,,SL343396
haib17CEM5241_HMGMHCCXY_SL343376,CSD17-SIN-033,core,CSD17,singapore,SIN,1.384938,103.744306,metal,,above_ground_closed,nsl,cck,handrail,,,urban,2912645,1.28967,103.85007,yes,5791901,7796,723.2,29.2,163.63,east_asia,235162573,5241-CEM-0169,HMGMHCCXY,haib17CEM5241,TCGCAACG-CTTACTCT,,haib17CEM5241_HMGMHCCXY_SL343376,,,,,SL343376
haib17CEM5241_HMGMHCCXY_SL343377,CSD17-SIN-034,core,CSD17,singapore,SIN,1.384954,103.744289,metal,,above_ground_closed,nsl,cck,handrail,,,urban,6572899,1.28967,103.85007,yes,5791901,7796,723.2,29.2,163.63,east_asia,235163347,5241-CEM-0170,HMGMHCCXY,haib17CEM5241,CCGTGCTT-CCAGGTGG,,haib17CEM5241_HMGMHCCXY_SL343377,,,,,SL343377
haib17CEM5241_HMGMHCCXY_SL343378,CSD17-SIN-035,core,CSD17,singapore,SIN,1.386107,103.744273,painted_metal,,above_ground_mixed,nsl,cck,bike_kiosk,,,urban,3817495,1.28967,103.85007,yes,5791901,7796,723.2,29.2,163.63,east_asia,235163353,5241-CEM-0171,HMGMHCCXY,haib17CEM5241,CCTGACTC-TGATCTTA,,haib17CEM5241_HMGMHCCXY_SL343378,,,,,SL343378
haib17CEM5241_HMGMHCCXY_SL343379,CSD17-SIN-036,core,CSD17,singapore,SIN,1.386128,103.744284,painted_metal,,above_ground_mixed,nsl,cck,bike_kiosk,,,urban,3736655,1.28967,103.85007,yes,5791901,7796,723.2,29.2,163.63,east_asia,235183884,5241-CEM-0172,HMGMHCCXY,haib17CEM5241,AGCCGTGT-CACAGCTC,,haib17CEM5241_HMGMHCCXY_SL343379,,,,,SL343379
haib17CEM5241_HMGMHCCXY_SL343375,CSD17-SIN-037,core,CSD17,singapore,SIN,1.432157,103.773752,metal,,above_ground_mixed,nsl,marsiling,overhead_handrail,,,urban,8402304,1.28967,103.85007,yes,5791901,7796,723.2,29.2,163.63,east_asia,235163959,5241-CEM-0168,HMGMHCCXY,haib17CEM5241,AATACGAA-AGGCCTGC,,haib17CEM5241_HMGMHCCXY_SL343375,,,,,SL343375
haib17CEM5241_HMGMHCCXY_SL343355,CSD17-SIN-038,core,CSD17,singapore,SIN,1.432157,103.773752,metal,,above_ground_mixed,nsl,marsiling,overhead_handrail,,,urban,3319243,1.28967,103.85007,yes,5791901,7796,723.2,29.2,163.63,east_asia,235186155,5241-CEM-0142,HMGMHCCXY,haib17CEM5241,TAGTACGC-CTTCAGGC,,haib17CEM5241_HMGMHCCXY_SL343355,,,,,SL343355
haib17CEM5241_HMGMHCCXY_SL343344,CSD17-SIN-040,core,CSD17,singapore,SIN,1.432157,103.773752,metal,,above_ground_open,nsl,marsiling,pedestrian_crossing_button,,,urban,5823733,1.28967,103.85007,yes,5791901,7796,723.2,29.2,163.63,east_asia,235163958,5241-CEM-0130,HMGMHCCXY,haib17CEM5241,TACTCCAG-CAATAGAG,,haib17CEM5241_HMGMHCCXY_SL343344,,,,,SL343344
haib17CEM5241_HMGMHCCXY_SL343340,CSD17-SIN-041,core,CSD17,singapore,SIN,1.432157,103.773752,metal,,above_ground_open,nsl,marsiling,lamp_post,,,urban,1921861,1.28967,103.85007,yes,5791901,7796,723.2,29.2,163.63,east_asia,235163291,5241-CEM-0126,HMGMHCCXY,haib17CEM5241,ATGTTGGC-CGCTCGTG,,haib17CEM5241_HMGMHCCXY_SL343340,,,,,SL343340
haib17CEM5241_HMGMHCCXY_SL343332,CSD17-SIN-042,core,CSD17,singapore,SIN,1.432157,103.773752,metal,,above_ground_open,nsl,marsiling,lamp_post,,,urban,2558588,1.28967,103.85007,yes,5791901,7796,723.2,29.2,163.63,east_asia,235163975,5241-CEM-0117,HMGMHCCXY,haib17CEM5241,TCTCCATA-CGAATGAT,,haib17CEM5241_HMGMHCCXY_SL343332,,,,,SL343332
haib17CEM5241_HMGMHCCXY_SL343374,CSD17-SIN-043,core,CSD17,singapore,SIN,1.432157,103.773752,plastic,,above_ground_mixed,nsl,marsiling,garbage_can,,,urban,5818146,1.28967,103.85007,yes,5791901,7796,723.2,29.2,163.63,east_asia,235183913,5241-CEM-0167,HMGMHCCXY,haib17CEM5241,ACGGTAAC-TATCCTGC,,haib17CEM5241_HMGMHCCXY_SL343374,,,,,SL343374
haib17CEM5241_HMGMHCCXY_SL343357,CSD17-SIN-044,core,CSD17,singapore,SIN,1.432157,103.773752,plastic,,above_ground_mixed,nsl,marsiling,garbage_can,,,urban,3353728,1.28967,103.85007,yes,5791901,7796,723.2,29.2,163.63,east_asia,235163984,5241-CEM-0144,HMGMHCCXY,haib17CEM5241,TCAAGGAC-CGCTGCGC,,haib17CEM5241_HMGMHCCXY_SL343357,,,,,SL343357
haib17CEM5241_HMGMHCCXY_SL343507,CSD17-SIN-045,core,CSD17,singapore,SIN,1.432157,103.773752,metal,,above_ground_mixed,nsl,marsiling,handrail,,,urban,4156736,1.28967,103.85007,yes,5791901,7796,723.2,29.2,163.63,east_asia,235164022,5241-CEM-0103,HMGMHCCXY,haib17CEM5241,AACGACCT-TGTATATC,,haib17CEM5241_HMGMHCCXY_SL343507,,,,,SL343507
haib17CEM5241_HMGMHCCXY_SL343333,CSD17-SIN-046,core,CSD17,singapore,SIN,1.432157,103.773752,metal,,above_ground_mixed,nsl,marsiling,handrail,,,urban,2843581,1.28967,103.85007,yes,5791901,7796,723.2,29.2,163.63,east_asia,235184803,5241-CEM-0118,HMGMHCCXY,haib17CEM5241,ATACAAGA-CACACATG,,haib17CEM5241_HMGMHCCXY_SL343333,,,,,SL343333
haib17CEM5241_HMGMHCCXY_SL343342,CSD17-SIN-047,core,CSD17,singapore,SIN,1.431098,103.77841,metal,,above_ground_open,nsl,marsiling,bike_kiosk,,,urban,4423325,1.28967,103.85007,yes,5791901,7796,723.2,29.2,163.63,east_asia,235185190,5241-CEM-0128,HMGMHCCXY,haib17CEM5241,CTGAATGG-TCGACAAG,,haib17CEM5241_HMGMHCCXY_SL343342,,,,,SL343342
haib17CEM5241_HMGMHCCXY_SL343370,CSD17-SIN-048,core,CSD17,singapore,SIN,1.430543,103.774654,metal,,above_ground_open,nsl,marsiling,bike_kiosk,,,urban,2228248,1.28967,103.85007,yes,5791901,7796,723.2,29.2,163.63,east_asia,235163701,5241-CEM-0163,HMGMHCCXY,haib17CEM5241,TGACCGAT-CAGCTAGC,,haib17CEM5241_HMGMHCCXY_SL343370,,,,,SL343370
haib17CEM5241_HMGMHCCXY_SL343360,CSD17-SIN-049,core,CSD17,singapore,SIN,1.430338,103.832584,metal,,above_ground_mixed,nsl,yishun,overhead_handrail,,,urban,3381325,1.28967,103.85007,yes,5791901,7796,723.2,29.2,163.63,east_asia,235163696,5241-CEM-0148,HMGMHCCXY,haib17CEM5241,TTCAGTTC-ACTAAGTG,,haib17CEM5241_HMGMHCCXY_SL343360,,,,,SL343360
haib17CEM5241_HMGMHCCXY_SL343348,CSD17-SIN-051,core,CSD17,singapore,SIN,1.43036,103.835345,metal,,above_ground_open,nsl,yishun,pedestrian_crossing_button,,,urban,4133467,1.28967,103.85007,yes,5791901,7796,723.2,29.2,163.63,east_asia,235164000,5241-CEM-0134,HMGMHCCXY,haib17CEM5241,TCGCATTA-CTCCGGTG,,haib17CEM5241_HMGMHCCXY_SL343348,,,,,SL343348
haib17CEM5241_HMGMHCCXY_SL343513,CSD17-SIN-053,core,CSD17,singapore,SIN,1.429695,103.834455,metal,,above_ground_open,nsl,yishun,vert_pole,,,urban,3999434,1.28967,103.85007,yes,5791901,7796,723.2,29.2,163.63,east_asia,235163943,5241-CEM-0109,HMGMHCCXY,haib17CEM5241,CCTTCTGG-CTCTCTAC,,haib17CEM5241_HMGMHCCXY_SL343513,,,,,SL343513
haib17CEM5241_HMGMHCCXY_SL343366,CSD17-SIN-054,core,CSD17,singapore,SIN,1.429695,103.834471,metal,,above_ground_open,nsl,yishun,vert_pole,,,urban,6122440,1.28967,103.85007,yes,5791901,7796,723.2,29.2,163.63,east_asia,235163937,5241-CEM-0157,HMGMHCCXY,haib17CEM5241,TTGGATTG-CAGGCCAG,,haib17CEM5241_HMGMHCCXY_SL343366,,,,,SL343366
haib17CEM5241_HMGMHCCXY_SL343350,CSD17-SIN-055,core,CSD17,singapore,SIN,1.430258,103.834551,plastic,,above_ground_mixed,nsl,yishun,garbage_can,,,urban,4345119,1.28967,103.85007,yes,5791901,7796,723.2,29.2,163.63,east_asia,235163978,5241-CEM-0137,HMGMHCCXY,haib17CEM5241,CCGGTGAG-ACCTTACG,,haib17CEM5241_HMGMHCCXY_SL343350,,,,,SL343350
haib17CEM5241_HMGMHCCXY_SL343338,CSD17-SIN-056,core,CSD17,singapore,SIN,1.430258,103.834551,plastic,,above_ground_mixed,nsl,yishun,garbage_can,,,urban,1806795,1.28967,103.85007,yes,5791901,7796,723.2,29.2,163.63,east_asia,235163126,5241-CEM-0124,HMGMHCCXY,haib17CEM5241,CGGTCAGC-AAGGTTCA,,haib17CEM5241_HMGMHCCXY_SL343338,,,,,SL343338
haib17CEM5241_HMGMHCCXY_SL343368,CSD17-SIN-058,core,CSD17,singapore,SIN,1.429325,103.834943,metal,,above_ground_mixed,nsl,yishun,handrail,,,urban,2897294,1.28967,103.85007,yes,5791901,7796,723.2,29.2,163.63,east_asia,235163666,5241-CEM-0159,HMGMHCCXY,haib17CEM5241,TATATAGG-CGGTATTA,,haib17CEM5241_HMGMHCCXY_SL343368,,,,,SL343368
haib17CEM5241_HMGMHCCXY_SL343335,CSD17-SIN-059,core,CSD17,singapore,SIN,1.429721,103.834916,metal,,above_ground_open,nsl,yishun,bike_kiosk,,,urban,4315937,1.28967,103.85007,yes,5791901,7796,723.2,29.2,163.63,east_asia,235163940,5241-CEM-0121,HMGMHCCXY,haib17CEM5241,AGAGTGAA-CTTAGGCG,,haib17CEM5241_HMGMHCCXY_SL343335,,,,,SL343335
haib17CEM5241_HMGMHCCXY_SL343358,CSD17-SIN-060,core,CSD17,singapore,SIN,1.429721,103.834916,metal,,above_ground_open,nsl,yishun,bike_kiosk,,,urban,2414787,1.28967,103.85007,yes,5791901,7796,723.2,29.2,163.63,east_asia,235162284,5241-CEM-0145,HMGMHCCXY,haib17CEM5241,TGAACACC-CGCCTAGG,,haib17CEM5241_HMGMHCCXY_SL343358,,,,,SL343358
haib18CEM5453_HMCMJCCXY_SL336366,CSD17-SIN-097,core,CSD17,singapore,SIN,1.284281,103.843334,painted_metal,,above_ground_mixed,nel/dtl,chinatown,overhead_handrail,,,urban,3720787,1.28967,103.85007,yes,5791901,7796,723.2,29.2,163.63,east_asia,235162011,5453-CEM-0738,HMCMJCCXY,haib18CEM5453,CAGACACC,,haib18CEM5453_HMCMJCCXY_SL336366,,,,,SL336366
haib18CEM5453_HT5YVCCXY_SL357383,CSD17-SIN-098,core,CSD17,singapore,SIN,1.28425,103.843177,metal,,above_ground_mixed,nel/dtl,chinatown,overhead_handrail,,,urban,4829865,1.28967,103.85007,yes,5791901,7796,723.2,29.2,163.63,east_asia,235163118,5453-CEM-0739,HT5YVCCXY,haib18CEM5453,CATTGTCG-CCTTAGTA,,haib18CEM5453_HT5YVCCXY_SL357383,,,,,SL357383
haib18CEM5453_HT5YVCCXY_SL357436,CSD17-SIN-121,core,CSD17,singapore,SIN,1.352641,103.954906,metal,,above_ground_mixed,ewl,tampines,overhead_handrail,,"many people in vicinity since bridge is next to a bus stop, and people were walking up the bridge on the go everytime.",urban,5896076,1.28967,103.85007,yes,5791901,7796,723.2,29.2,163.63,east_asia,235163708,5453-CEM-0795,HT5YVCCXY,haib18CEM5453,CGGATGGA-ATGAGGTT,,haib18CEM5453_HT5YVCCXY_SL357436,,,,,SL357436
haib18CEM5453_HT5YVCCXY_SL357437,CSD17-SIN-122,core,CSD17,singapore,SIN,1.352641,103.954906,metal,,above_ground_mixed,ewl,tampines,overhead_handrail,,"many people in vicinity since bridge is next to a bus stop, and people were walking up the bridge on the go everytime.",urban,5862025,1.28967,103.85007,yes,5791901,7796,723.2,29.2,163.63,east_asia,235185197,5453-CEM-0796,HT5YVCCXY,haib18CEM5453,AATCTACT-ATGGTCGT,,haib18CEM5453_HT5YVCCXY_SL357437,,,,,SL357437
haib18CEM5453_HT5YVCCXY_SL357438,CSD17-SIN-123,core,CSD17,singapore,SIN,1.355537,103.94297,metal,,above_ground_mixed,ewl,tampines,pedestrian_crossing_button,,many people cross this traffic since it connects train and few malls.,urban,4523542,1.28967,103.85007,yes,5791901,7796,723.2,29.2,163.63,east_asia,235184930,5453-CEM-0797,HT5YVCCXY,haib18CEM5453,ATCTCTTA-TAATTGAA,,haib18CEM5453_HT5YVCCXY_SL357438,,,,,SL357438
haib18CEM5453_HT5YVCCXY_SL357441,CSD17-SIN-124,core,CSD17,singapore,SIN,1.355537,103.94297,metal,,above_ground_mixed,ewl,tampines,pedestrian_crossing_button,,,urban,142849,1.28967,103.85007,yes,5791901,7796,723.2,29.2,163.63,east_asia,235163960,5453-CEM-0800,HT5YVCCXY,haib18CEM5453,TTCAACCT-TTAGATAA,,haib18CEM5453_HT5YVCCXY_SL357441,,,,,SL357441
haib18CEM5453_HT5YVCCXY_SL357440,CSD17-SIN-128,core,CSD17,singapore,SIN,1.355569,103.942927,plastic,,above_ground_mixed,ewl,tampines,garbage_can,,"in the morning, several people pass by this narrow road, which is a short cut to travel from tampines mrt to another mall namely century square.",urban,4916647,1.28967,103.85007,yes,5791901,7796,723.2,29.2,163.63,east_asia,235184149,5453-CEM-0799,HT5YVCCXY,haib18CEM5453,CTCGAAGG-ATTCCTTC,,haib18CEM5453_HT5YVCCXY_SL357440,,,,,SL357440
haib18CEM5453_HT5YVCCXY_SL357393,CSD17-SIN-129,core,CSD17,singapore,SIN,1.355001,103.943174,painted_metal,,above_ground_mixed,ewl,tampines,handrail,,"several people in the surrounding passing by, during the morning.",urban,4190141,1.28967,103.85007,yes,5791901,7796,723.2,29.2,163.63,east_asia,235163085,5453-CEM-0752,HT5YVCCXY,haib18CEM5453,TCGCAACG-CTTACTCT,,haib18CEM5453_HT5YVCCXY_SL357393,,,,,SL357393
haib18CEM5453_HT5YVCCXY_SL357439,CSD17-SIN-130,core,CSD17,singapore,SIN,1.355001,103.943174,painted_metal,,above_ground_mixed,ewl,tampines,handrail,,"several people in the surrounding passing by, during the morning.",urban,6301028,1.28967,103.85007,yes,5791901,7796,723.2,29.2,163.63,east_asia,235184793,5453-CEM-0798,HT5YVCCXY,haib18CEM5453,TGGCGTAT-ACCGGTCT,,haib18CEM5453_HT5YVCCXY_SL357439,,,,,SL357439
haib18CEM5453_HT5YVCCXY_SL357435,CSD17-SIN-131,core,CSD17,singapore,SIN,1.355017,103.943152,painted_metal,,above_ground_mixed,ewl,tampines,bike_kiosk,,many people pass by since bike kiosk is just right outside mrt and a traffic-light across from tampines mall.,urban,5377415,1.28967,103.85007,yes,5791901,7796,723.2,29.2,163.63,east_asia,235185179,5453-CEM-0794,HT5YVCCXY,haib18CEM5453,CCTTCTGG-CTCTCTAC,,haib18CEM5453_HT5YVCCXY_SL357435,,,,,SL357435
haib18CEM5453_HT5YVCCXY_SL357434,CSD17-SIN-132,core,CSD17,singapore,SIN,1.355017,103.943152,painted_metal,,above_ground_mixed,ewl,tampines,bike_kiosk,,,urban,5541689,1.28967,103.85007,yes,5791901,7796,723.2,29.2,163.63,east_asia,235163665,5453-CEM-0793,HT5YVCCXY,haib18CEM5453,ACATTGCC-TAAGCCTT,,haib18CEM5453_HT5YVCCXY_SL357434,,,,,SL357434
haib18CEM5453_HT5YVCCXY_SL357382,CSD17-SIN-198,core,CSD17,singapore,SIN,1.265564,103.82028,painted_metal,,above_ground_open,,harbourfront,lamp_post,,,urban,4575246,1.28967,103.85007,yes,5791901,7796,723.2,29.2,163.63,east_asia,235163138,5453-CEM-0737,HT5YVCCXY,haib18CEM5453,ACTCGGAA-ACTCACAC,,haib18CEM5453_HT5YVCCXY_SL357382,,,,,SL357382
haib18CEM5453_HT5YVCCXY_SL357362,CSD17-SIN-385,core,CSD17,singapore,SIN,1.3269583,103.9465971,painted_metal,,above_ground_open,ewl,tanahmerah,handrail,,,suburban,4968813,1.28967,103.85007,yes,5791901,7796,723.2,29.2,163.63,east_asia,235185601,5453-CEM-0717,HT5YVCCXY,haib18CEM5453,TGCCTCCT-TAGACTCT,,haib18CEM5453_HT5YVCCXY_SL357362,,,,,SL357362
haib18CEM5453_HT5YVCCXY_SL357363,CSD17-SIN-386,core,CSD17,singapore,SIN,1.328153,103.9461229,painted_metal,,above_ground_open,ewl,tanahmerah,handrail,,,suburban,4966643,1.28967,103.85007,yes,5791901,7796,723.2,29.2,163.63,east_asia,235183816,5453-CEM-0718,HT5YVCCXY,haib18CEM5453,CTGAATGG-TCGACAAG,,haib18CEM5453_HT5YVCCXY_SL357363,,,,,SL357363
haib18CEM5453_HT5YVCCXY_SL357364,CSD17-SIN-387,core,CSD17,singapore,SIN,1.326918565,103.9466422,metal,,above_ground_open,ewl,tanahmerah,pedestrian_crossing_button,,,suburban,5409002,1.28967,103.85007,yes,5791901,7796,723.2,29.2,163.63,east_asia,235185245,5453-CEM-0719,HT5YVCCXY,haib18CEM5453,TATGCGAG-TTAGTGTT,,haib18CEM5453_HT5YVCCXY_SL357364,,,,,SL357364
haib18CEM5453_HT5YVCCXY_SL357365,CSD17-SIN-388,core,CSD17,singapore,SIN,1.327034915,103.9466093,metal,,above_ground_open,ewl,tanahmerah,pedestrian_crossing_button,,,suburban,4746310,1.28967,103.85007,yes,5791901,7796,723.2,29.2,163.63,east_asia,235184289,5453-CEM-0720,HT5YVCCXY,haib18CEM5453,TACTCCAG-CAATAGAG,,haib18CEM5453_HT5YVCCXY_SL357365,,,,,SL357365
haib18CEM5453_HT5YVCCXY_SL357366,CSD17-SIN-389,core,CSD17,singapore,SIN,1.326957033,103.9467641,painted_metal,,above_ground_open,ewl,tanahmerah,lamp_post,,,suburban,2643449,1.28967,103.85007,yes,5791901,7796,723.2,29.2,163.63,east_asia,235185609,5453-CEM-0721,HT5YVCCXY,haib18CEM5453,CGTGAACG-TTCATGAG,,haib18CEM5453_HT5YVCCXY_SL357366,,,,,SL357366
haib18CEM5453_HT5YVCCXY_SL357367,CSD17-SIN-390,core,CSD17,singapore,SIN,1.326853086,103.9471293,painted_metal,,above_ground_open,ewl,tanahmerah,lamp_post,,,suburban,7041411,1.28967,103.85007,yes,5791901,7796,723.2,29.2,163.63,east_asia,235183837,5453-CEM-0722,HT5YVCCXY,haib18CEM5453,ACAGCTCC-CCAGAACC,,haib18CEM5453_HT5YVCCXY_SL357367,,,,,SL357367
haib18CEM5453_HT5YVCCXY_SL357368,CSD17-SIN-391,core,CSD17,singapore,SIN,1.326919393,103.9467448,plastic,,above_ground_open,ewl,tanahmerah,gargabe_can,,,suburban,6357577,1.28967,103.85007,yes,5791901,7796,723.2,29.2,163.63,east_asia,235185341,5453-CEM-0723,HT5YVCCXY,haib18CEM5453,CTATCAGT-AGTCGAGC,,haib18CEM5453_HT5YVCCXY_SL357368,,,,,SL357368
haib18CEM5453_HT5YVCCXY_SL357369,CSD17-SIN-392,core,CSD17,singapore,SIN,1.327019325,103.9467037,plastic,,above_ground_open,ewl,tanahmerah,gargabe_can,,,suburban,6265540,1.28967,103.85007,yes,5791901,7796,723.2,29.2,163.63,east_asia,235184792,5453-CEM-0724,HT5YVCCXY,haib18CEM5453,TCGCATTA-CTCCGGTG,,haib18CEM5453_HT5YVCCXY_SL357369,,,,,SL357369
haib18CEM5453_HT5YVCCXY_SL357370,CSD17-SIN-393,core,CSD17,singapore,SIN,1.328153,103.9461229,painted_metal,,above_ground_open,ewl,tanahmerah,handrail,,,suburban,6782359,1.28967,103.85007,yes,5791901,7796,723.2,29.2,163.63,east_asia,235184296,5453-CEM-0725,HT5YVCCXY,haib18CEM5453,CAGACACC-TCCGGTTG,,haib18CEM5453_HT5YVCCXY_SL357370,,,,,SL357370
haib18CEM5453_HT5YVCCXY_SL357371,CSD17-SIN-394,core,CSD17,singapore,SIN,1.326969487,103.9468854,painted_metal,,above_ground_open,ewl,tanahmerah,handrail,,,suburban,5704552,1.28967,103.85007,yes,5791901,7796,723.2,29.2,163.63,east_asia,235184173,5453-CEM-0726,HT5YVCCXY,haib18CEM5453,CCGGTGAG-ACCTTACG,,haib18CEM5453_HT5YVCCXY_SL357371,,,,,SL357371
haib18CEM5453_HT5YVCCXY_SL357372,CSD17-SIN-395,core,CSD17,singapore,SIN,1.326989589,103.9467332,painted_metal,,above_ground_open,ewl,tanahmerah,bike_kiosk,,,suburban,4959814,1.28967,103.85007,yes,5791901,7796,723.2,29.2,163.63,east_asia,235185183,5453-CEM-0727,HT5YVCCXY,haib18CEM5453,AGCGTCCG-ATACCTAA,,haib18CEM5453_HT5YVCCXY_SL357372,,,,,SL357372
haib18CEM5453_HT5YVCCXY_SL357373,CSD17-SIN-396,core,CSD17,singapore,SIN,1.326619092,103.9467857,painted_metal,,above_ground_open,ewl,tanahmerah,bike_kiosk,,,suburban,7869782,1.28967,103.85007,yes,5791901,7796,723.2,29.2,163.63,east_asia,235185603,5453-CEM-0728,HT5YVCCXY,haib18CEM5453,AAGCGGAT-AACTCAGC,,haib18CEM5453_HT5YVCCXY_SL357373,,,,,SL357373
haib18CEM5453_HT5YVCCXY_SL357350,CSD17-SIN-445,core,CSD17,singapore,SIN,1.342940422,103.9538784,painted_metal,,above_ground_open,ewl,simei,handrail,,,suburban,5465063,1.28967,103.85007,yes,5791901,7796,723.2,29.2,163.63,east_asia,235185363,5453-CEM-0705,HT5YVCCXY,haib18CEM5453,AAGACCTC-ACATGATC,,haib18CEM5453_HT5YVCCXY_SL357350,,,,,SL357350
haib18CEM5453_HT5YVCCXY_SL357351,CSD17-SIN-446,core,CSD17,singapore,SIN,1.343072394,103.9538834,painted_metal,,above_ground_open,ewl,simei,handrail,,,suburban,111570,1.28967,103.85007,yes,5791901,7796,723.2,29.2,163.63,east_asia,235184353,5453-CEM-0706,HT5YVCCXY,haib18CEM5453,TCTGTCTT-TATGAGGC,,haib18CEM5453_HT5YVCCXY_SL357351,,,,,SL357351
haib18CEM5453_HT5YVCCXY_SL357352,CSD17-SIN-447,core,CSD17,singapore,SIN,1.34319278,103.9541351,metal,,above_ground_open,ewl,simei,pedestrian_crossing_button,,,suburban,2040891,1.28967,103.85007,yes,5791901,7796,723.2,29.2,163.63,east_asia,235185623,5453-CEM-0707,HT5YVCCXY,haib18CEM5453,AATGGCGT-CGGCCTTG,,haib18CEM5453_HT5YVCCXY_SL357352,,,,,SL357352
haib18CEM5453_HT5YVCCXY_SL357353,CSD17-SIN-448,core,CSD17,singapore,SIN,1.343062615,103.9539371,metal,,above_ground_open,ewl,simei,pedestrian_crossing_button,,,suburban,94290,1.28967,103.85007,yes,5791901,7796,723.2,29.2,163.63,east_asia,235185320,5453-CEM-0708,HT5YVCCXY,haib18CEM5453,TCTCCATA-CGAATGAT,,haib18CEM5453_HT5YVCCXY_SL357353,,,,,SL357353
haib18CEM5453_HT5YVCCXY_SL357354,CSD17-SIN-449,core,CSD17,singapore,SIN,1.343102613,103.9539339,metal,,above_ground_open,ewl,simei,lamp_post,,,suburban,1663975,1.28967,103.85007,yes,5791901,7796,723.2,29.2,163.63,east_asia,235184234,5453-CEM-0709,HT5YVCCXY,haib18CEM5453,ATACAAGA-CACACATG,,haib18CEM5453_HT5YVCCXY_SL357354,,,,,SL357354
haib18CEM5453_HT5YVCCXY_SL357355,CSD17-SIN-450,core,CSD17,singapore,SIN,1.343129405,103.9538792,metal,,above_ground_open,ewl,simei,lamp_post,,,suburban,4777072,1.28967,103.85007,yes,5791901,7796,723.2,29.2,163.63,east_asia,235184332,5453-CEM-0710,HT5YVCCXY,haib18CEM5453,AGTGGTCA-ACGTTCTC,,haib18CEM5453_HT5YVCCXY_SL357355,,,,,SL357355
haib18CEM5453_HT5YVCCXY_SL357356,CSD17-SIN-451,core,CSD17,singapore,SIN,1.3432072,103.9541344,plastic,,above_ground_open,ewl,simei,gargabe_can,,,suburban,247144,1.28967,103.85007,yes,5791901,7796,723.2,29.2,163.63,east_asia,235183755,5453-CEM-0711,HT5YVCCXY,haib18CEM5453,AGAGTGAA-CTTAGGCG,,haib18CEM5453_HT5YVCCXY_SL357356,,,,,SL357356
haib18CEM5453_HT5YVCCXY_SL357357,CSD17-SIN-452,core,CSD17,singapore,SIN,1.343051479,103.9539542,plastic,,above_ground_open,ewl,simei,gargabe_can,,,suburban,131970,1.28967,103.85007,yes,5791901,7796,723.2,29.2,163.63,east_asia,235185263,5453-CEM-0712,HT5YVCCXY,haib18CEM5453,TCCGGAAC-TCCACGTT,,haib18CEM5453_HT5YVCCXY_SL357357,,,,,SL357357
haib18CEM5453_HT5YVCCXY_SL357358,CSD17-SIN-453,core,CSD17,singapore,SIN,1.343138344,103.9539483,metal,,above_ground_open,ewl,simei,handrail,,,suburban,4957486,1.28967,103.85007,yes,5791901,7796,723.2,29.2,163.63,east_asia,235184199,5453-CEM-0713,HT5YVCCXY,haib18CEM5453,TTGTGAGG-ATTAAGCC,,haib18CEM5453_HT5YVCCXY_SL357358,,,,,SL357358
haib18CEM5453_HT5YVCCXY_SL357359,CSD17-SIN-454,core,CSD17,singapore,SIN,1.343164081,103.9538204,metal,,above_ground_open,ewl,simei,handrail,,,suburban,4333860,1.28967,103.85007,yes,5791901,7796,723.2,29.2,163.63,east_asia,235185295,5453-CEM-0714,HT5YVCCXY,haib18CEM5453,CGGTCAGC-AAGGTTCA,,haib18CEM5453_HT5YVCCXY_SL357359,,,,,SL357359
haib18CEM5453_HT5YVCCXY_SL357360,CSD17-SIN-455,core,CSD17,singapore,SIN,1.34306363,103.9540007,painted_metal,,above_ground_open,ewl,simei,bike_kiosk,,,suburban,3865600,1.28967,103.85007,yes,5791901,7796,723.2,29.2,163.63,east_asia,235185223,5453-CEM-0715,HT5YVCCXY,haib18CEM5453,TGGTCGGA-TGTGTAAT,,haib18CEM5453_HT5YVCCXY_SL357360,,,,,SL357360
haib18CEM5453_HT5YVCCXY_SL357361,CSD17-SIN-456,core,CSD17,singapore,SIN,1.343036747,103.9540344,painted_metal,,above_ground_open,ewl,simei,bike_kiosk,,,suburban,5326638,1.28967,103.85007,yes,5791901,7796,723.2,29.2,163.63,east_asia,235185411,5453-CEM-0716,HT5YVCCXY,haib18CEM5453,ATGTTGGC-CGCTCGTG,,haib18CEM5453_HT5YVCCXY_SL357361,,,,,SL357361
haib18CEM5453_HT5YVCCXY_SL357426,CSD17-SIN-457,core,CSD17,singapore,SIN,1.335092466,103.6976981,metal,,above_ground_open,,boonlay,vert_pole,,no one,urban,3161022,1.28967,103.85007,yes,5791901,7796,723.2,29.2,163.63,east_asia,235184799,5453-CEM-0785,HT5YVCCXY,haib18CEM5453,AACATGTT-CCGCCATC,,haib18CEM5453_HT5YVCCXY_SL357426,,,,,SL357426
haib18CEM5453_HT5YVCCXY_SL357427,CSD17-SIN-458,core,CSD17,singapore,SIN,1.334992107,103.6976845,metal,,above_ground_open,,boonlay,vert_pole,,,urban,3737613,1.28967,103.85007,yes,5791901,7796,723.2,29.2,163.63,east_asia,235185255,5453-CEM-0786,HT5YVCCXY,haib18CEM5453,ATGAGTGA-TCTCTGCT,,haib18CEM5453_HT5YVCCXY_SL357427,,,,,SL357427
haib18CEM5453_HT5YVCCXY_SL357428,CSD17-SIN-459,core,CSD17,singapore,SIN,1.33498289,103.6976164,plastic,,above_ground_open,,boonlay,garbage_can,,,urban,6850818,1.28967,103.85007,yes,5791901,7796,723.2,29.2,163.63,east_asia,235185277,5453-CEM-0787,HT5YVCCXY,haib18CEM5453,TAGCGGTA-CCATTAGG,,haib18CEM5453_HT5YVCCXY_SL357428,,,,,SL357428
haib18CEM5453_HT5YVCCXY_SL357429,CSD17-SIN-460,core,CSD17,singapore,SIN,1.334989199,103.6976727,plastic,,above_ground_open,,boonlay,garbage_can,,,urban,6448161,1.28967,103.85007,yes,5791901,7796,723.2,29.2,163.63,east_asia,235185267,5453-CEM-0788,HT5YVCCXY,haib18CEM5453,AACGACCT-TGTATATC,,haib18CEM5453_HT5YVCCXY_SL357429,,,,,SL357429
haib18CEM5453_HT5YVCCXY_SL357430,CSD17-SIN-461,core,CSD17,singapore,SIN,1.334901036,103.6977563,metal,,above_ground_open,,boonlay,seat,,,urban,5491000,1.28967,103.85007,yes,5791901,7796,723.2,29.2,163.63,east_asia,235183981,5453-CEM-0789,HT5YVCCXY,haib18CEM5453,CTTCCAAC-TAGGTACT,,haib18CEM5453_HT5YVCCXY_SL357430,,,,,SL357430
haib18CEM5453_HT5YVCCXY_SL357431,CSD17-SIN-462,core,CSD17,singapore,SIN,1.334997718,103.6977827,metal,,above_ground_open,,boonlay,seat,,,urban,5297963,1.28967,103.85007,yes,5791901,7796,723.2,29.2,163.63,east_asia,235184874,5453-CEM-0790,HT5YVCCXY,haib18CEM5453,AGTTCCGC-TCTTAAGC,,haib18CEM5453_HT5YVCCXY_SL357431,,,,,SL357431
haib18CEM5453_HT5YVCCXY_SL357432,CSD17-SIN-463,core,CSD17,singapore,SIN,1.334982314,103.6976755,glass,,above_ground_open,,boonlay,infoboard,,,urban,5084094,1.28967,103.85007,yes,5791901,7796,723.2,29.2,163.63,east_asia,235183957,5453-CEM-0791,HT5YVCCXY,haib18CEM5453,CCGGCAGT-TACAGACG,,haib18CEM5453_HT5YVCCXY_SL357432,,,,,SL357432
haib18CEM5453_HT5YVCCXY_SL357433,CSD17-SIN-464,core,CSD17,singapore,SIN,1.334907191,103.6976214,glass,,above_ground_closed,,boonlay,infoboard,,,urban,5214377,1.28967,103.85007,yes,5791901,7796,723.2,29.2,163.63,east_asia,235185287,5453-CEM-0792,HT5YVCCXY,haib18CEM5453,AATTGAAG-CACCAGGA,,haib18CEM5453_HT5YVCCXY_SL357433,,,,,SL357433
haib18CEM5453_HT5YVCCXY_SL357392,CSD17-SIN-489,core,CSD17,singapore,SIN,1.35285,103.955051,painted_metal,,above_ground_mixed,,tampines,vert_pole,,a lot people at the bus stop.,urban,3422499,1.28967,103.85007,yes,5791901,7796,723.2,29.2,163.63,east_asia,235163109,5453-CEM-0751,HT5YVCCXY,haib18CEM5453,AATACGAA-AGGCCTGC,,haib18CEM5453_HT5YVCCXY_SL357392,,,,,SL357392
haib18CEM5453_HT5YVCCXY_SL357391,CSD17-SIN-490,core,CSD17,singapore,SIN,1.35285,103.955051,painted_metal,,above_ground_mixed,,tampines,vert_pole,,,urban,4862460,1.28967,103.85007,yes,5791901,7796,723.2,29.2,163.63,east_asia,235185626,5453-CEM-0748,HT5YVCCXY,haib18CEM5453,ACGTATCT-AGACAACT,,haib18CEM5453_HT5YVCCXY_SL357391,,,,,SL357391
haib18CEM5453_HMCMJCCXY_SL336367,CSD17-SIN-491,core,CSD17,singapore,SIN,1.352871,103.955044,plastic,,above_ground_mixed,,tampines,garbage_can,,"a lot of people at bus stop. dust bin is placed about 5 meters away from bus stop, but people who approach bus stop will pass by it.",urban,4149597,1.28967,103.85007,yes,5791901,7796,723.2,29.2,163.63,east_asia,235161950,5453-CEM-0745,HMCMJCCXY,haib18CEM5453,CCGGTGAG,,haib18CEM5453_HMCMJCCXY_SL336367,,,,,SL336367
haib18CEM5453_HT5YVCCXY_SL357389,CSD17-SIN-492,core,CSD17,singapore,SIN,1.352871,103.955045,plastic,,above_ground_mixed,,tampines,garbage_can,,"a lot of people at bus stop. dust bin is placed about 5 meters away from bus stop, but people who approach bus stop will pass by it.",urban,3335276,1.28967,103.85007,yes,5791901,7796,723.2,29.2,163.63,east_asia,235185258,5453-CEM-0746,HT5YVCCXY,haib18CEM5453,TGACCGAT-CAGCTAGC,,haib18CEM5453_HT5YVCCXY_SL357389,,,,,SL357389
haib18CEM5453_HMCMJCCXY_SL336368,CSD17-SIN-493,core,CSD17,singapore,SIN,1.352764,103.955019,metal_plastic,,above_ground_mixed,,tampines,seat,,"many people at bus stop, as many bus numbers are listed in this bus stop and also its next to a big traffic junction with 4 traffic light crosses.",urban,2831246,1.28967,103.85007,yes,5791901,7796,723.2,29.2,163.63,east_asia,235162213,5453-CEM-0749,HMCMJCCXY,haib18CEM5453,AGCGTCCG,,haib18CEM5453_HMCMJCCXY_SL336368,,,,,SL336368
haib18CEM5453_HT5YVCCXY_SL357388,CSD17-SIN-494,core,CSD17,singapore,SIN,1.352764,103.955019,metal_plastic,,above_ground_mixed,,tampines,seat,,,urban,227950,1.28967,103.85007,yes,5791901,7796,723.2,29.2,163.63,east_asia,235184875,5453-CEM-0744,HT5YVCCXY,haib18CEM5453,TATATAGG-CGGTATTA,,haib18CEM5453_HT5YVCCXY_SL357388,,,,,SL357388
haib18CEM5453_HT5YVCCXY_SL357390,CSD17-SIN-495,core,CSD17,singapore,SIN,1.352732,103.954992,glass,,above_ground_mixed,,tampines,infoboard,,many people at the station.,urban,5342801,1.28967,103.85007,yes,5791901,7796,723.2,29.2,163.63,east_asia,235184370,5453-CEM-0747,HT5YVCCXY,haib18CEM5453,TTGCCGAC-ATATTACA,,haib18CEM5453_HT5YVCCXY_SL357390,,,,,SL357390
haib18CEM5453_HMCMJCCXY_SL336369,CSD17-SIN-496,core,CSD17,singapore,SIN,1.352732,103.954992,glass,,above_ground_mixed,,tampines,infoboard,,many people at the station.,urban,5576384,1.28967,103.85007,yes,5791901,7796,723.2,29.2,163.63,east_asia,235162229,5453-CEM-0750,HMCMJCCXY,haib18CEM5453,AAGCGGAT,,haib18CEM5453_HMCMJCCXY_SL336369,,,,,SL336369
haib18CEM5453_HT5YVCCXY_SL357374,CSD17-SIN-497,core,CSD17,singapore,SIN,1.3235448,103.9287163,concrete,,above_ground_open,,bedok,vert_pole,,,suburban,780535,1.28967,103.85007,yes,5791901,7796,723.2,29.2,163.63,east_asia,235183806,5453-CEM-0729,HT5YVCCXY,haib18CEM5453,ACTGACGA-CATCGACC,,haib18CEM5453_HT5YVCCXY_SL357374,,,,,SL357374
haib18CEM5453_HT5YVCCXY_SL357375,CSD17-SIN-498,core,CSD17,singapore,SIN,1.323573223,103.9287315,concrete,,above_ground_open,,bedok,vert_pole,,,suburban,732758,1.28967,103.85007,yes,5791901,7796,723.2,29.2,163.63,east_asia,235184224,5453-CEM-0730,HT5YVCCXY,haib18CEM5453,ATCCTCTA-CCAACCTC,,haib18CEM5453_HT5YVCCXY_SL357375,,,,,SL357375
haib18CEM5453_HT5YVCCXY_SL357376,CSD17-SIN-499,core,CSD17,singapore,SIN,1.323546292,103.9288749,plastic,,above_ground_open,,bedok,gargabe_can,,,suburban,6369593,1.28967,103.85007,yes,5791901,7796,723.2,29.2,163.63,east_asia,235185151,5453-CEM-0731,HT5YVCCXY,haib18CEM5453,TAGTACGC-CTTCAGGC,,haib18CEM5453_HT5YVCCXY_SL357376,,,,,SL357376
haib18CEM5453_HT5YVCCXY_SL357377,CSD17-SIN-500,core,CSD17,singapore,SIN,1.323550069,103.9288777,plastic,,above_ground_open,,bedok,gargabe_can,,,suburban,5862904,1.28967,103.85007,yes,5791901,7796,723.2,29.2,163.63,east_asia,235184953,5453-CEM-0732,HT5YVCCXY,haib18CEM5453,TGAATTAG-CCGATCTA,,haib18CEM5453_HT5YVCCXY_SL357377,,,,,SL357377
haib18CEM5453_HT5YVCCXY_SL357378,CSD17-SIN-501,core,CSD17,singapore,SIN,1.32357728,103.9288983,plastic,,above_ground_open,,bedok,seat,,,suburban,5302084,1.28967,103.85007,yes,5791901,7796,723.2,29.2,163.63,east_asia,235185216,5453-CEM-0733,HT5YVCCXY,haib18CEM5453,TCAAGGAC-CGCTGCGC,,haib18CEM5453_HT5YVCCXY_SL357378,,,,,SL357378
haib18CEM5453_HT5YVCCXY_SL357379,CSD17-SIN-502,core,CSD17,singapore,SIN,1.323519498,103.9288291,plastic,,above_ground_open,,bedok,seat,,,suburban,5576321,1.28967,103.85007,yes,5791901,7796,723.2,29.2,163.63,east_asia,235185169,5453-CEM-0734,HT5YVCCXY,haib18CEM5453,TGAACACC-CGCCTAGG,,haib18CEM5453_HT5YVCCXY_SL357379,,,,,SL357379
haib18CEM5453_HT5YVCCXY_SL357380,CSD17-SIN-503,core,CSD17,singapore,SIN,1.323669614,103.9289059,plastic,,above_ground_open,,bedok,infoboard,,,suburban,4885710,1.28967,103.85007,yes,5791901,7796,723.2,29.2,163.63,east_asia,235183536,5453-CEM-0735,HT5YVCCXY,haib18CEM5453,TTCCATCC-AGCACTTC,,haib18CEM5453_HT5YVCCXY_SL357380,,,,,SL357380
haib18CEM5453_HT5YVCCXY_SL357381,CSD17-SIN-504,core,CSD17,singapore,SIN,1.323571881,103.9289204,plastic,,above_ground_open,,bedok,infoboard,,,suburban,4273257,1.28967,103.85007,yes,5791901,7796,723.2,29.2,163.63,east_asia,235185198,5453-CEM-0736,HT5YVCCXY,haib18CEM5453,TTCAGTTC-ACTAAGTG,,haib18CEM5453_HT5YVCCXY_SL357381,,,,,SL357381
haib17CEM5241_HMGMHCCXY_SL343380,CSD17-SIN-537,core,CSD17,singapore,SIN,1.384285,103.744644,painted_metal,,above_ground_closed,,cck,vert_pole,,,urban,2287619,1.28967,103.85007,yes,5791901,7796,723.2,29.2,163.63,east_asia,235162574,5241-CEM-0173,HMGMHCCXY,haib17CEM5241,CTTAACAT-TGATAGTG,,haib17CEM5241_HMGMHCCXY_SL343380,,,,,SL343380
haib17CEM5241_HMGMHCCXY_SL343381,CSD17-SIN-538,core,CSD17,singapore,SIN,1.38429,103.744644,painted_metal,,above_ground_closed,,cck,vert_pole,,,urban,3179991,1.28967,103.85007,yes,5791901,7796,723.2,29.2,163.63,east_asia,235162554,5241-CEM-0174,HMGMHCCXY,haib17CEM5241,AATCGCCA-ATAACCGA,,haib17CEM5241_HMGMHCCXY_SL343381,,,,,SL343381
haib17CEM5241_HMGMHCCXY_SL343382,CSD17-SIN-539,core,CSD17,singapore,SIN,1.384317,103.744745,metal,,above_ground_open,,cck,garbage_can,,,urban,3863058,1.28967,103.85007,yes,5791901,7796,723.2,29.2,163.63,east_asia,235164019,5241-CEM-0175,HMGMHCCXY,haib17CEM5241,CTCCGCAA-TAAGCTCA,,haib17CEM5241_HMGMHCCXY_SL343382,,,,,SL343382
haib17CEM5241_HMGMHCCXY_SL343383,CSD17-SIN-540,core,CSD17,singapore,SIN,1.384322,103.744745,metal,,above_ground_open,,cck,garbage_can,,,urban,2914050,1.28967,103.85007,yes,5791901,7796,723.2,29.2,163.63,east_asia,235163944,5241-CEM-0176,HMGMHCCXY,haib17CEM5241,AGGTCGAC-ACTACGGT,,haib17CEM5241_HMGMHCCXY_SL343383,,,,,SL343383
haib17CEM5241_HMGMHCCXY_SL343384,CSD17-SIN-541,core,CSD17,singapore,SIN,1.384285,103.744654,metal,,above_ground_closed,,cck,seat,,,urban,5189645,1.28967,103.85007,yes,5791901,7796,723.2,29.2,163.63,east_asia,235162576,5241-CEM-0177,HMGMHCCXY,haib17CEM5241,TCCGAACA-AGAGGTTC,,haib17CEM5241_HMGMHCCXY_SL343384,,,,,SL343384
haib17CEM5241_HMGMHCCXY_SL343385,CSD17-SIN-542,core,CSD17,singapore,SIN,1.384301,103.744654,metal,,above_ground_closed,,cck,seat,,,urban,5909344,1.28967,103.85007,yes,5791901,7796,723.2,29.2,163.63,east_asia,235163157,5241-CEM-0178,HMGMHCCXY,haib17CEM5241,CCACGGCT-TTACACCA,,haib17CEM5241_HMGMHCCXY_SL343385,,,,,SL343385
haib17CEM5241_HMGMHCCXY_SL343386,CSD17-SIN-543,core,CSD17,singapore,SIN,1.384295,103.744638,glass,,above_ground_closed,,cck,infoboard,,,urban,4649493,1.28967,103.85007,yes,5791901,7796,723.2,29.2,163.63,east_asia,235163980,5241-CEM-0179,HMGMHCCXY,haib17CEM5241,TTATGCAA-TACGGCAT,,haib17CEM5241_HMGMHCCXY_SL343386,,,,,SL343386
haib17CEM5241_HMGMHCCXY_SL343387,CSD17-SIN-544,core,CSD17,singapore,SIN,1.384306,103.744649,glass,,above_ground_closed,,cck,infoboard,,,urban,2368590,1.28967,103.85007,yes,5791901,7796,723.2,29.2,163.63,east_asia,235162519,5241-CEM-0180,HMGMHCCXY,haib17CEM5241,CGAATATG-CGTCTTCG,,haib17CEM5241_HMGMHCCXY_SL343387,,,,,SL343387
haib17CEM5241_HMGMHCCXY_SL343329,CSD17-SIN-545,core,CSD17,singapore,SIN,1.435325,103.787327,glass,,above_ground_closed,,woodlands,infoboard,,crowded,urban,3917697,1.28967,103.85007,yes,5791901,7796,723.2,29.2,163.63,east_asia,235185433,5241-CEM-0114,HMGMHCCXY,haib17CEM5241,AAGACCTC-ACATGATC,,haib17CEM5241_HMGMHCCXY_SL343329,,,,,SL343329
haib17CEM5241_HMGMHCCXY_SL343373,CSD17-SIN-546,core,CSD17,singapore,SIN,1.43769,103.78597,glass,,above_ground_closed,,woodlands,infoboard,,crowded,urban,3536190,1.28967,103.85007,yes,5791901,7796,723.2,29.2,163.63,east_asia,235185249,5241-CEM-0166,HMGMHCCXY,haib17CEM5241,CACCTTGT-TGCCGATT,,haib17CEM5241_HMGMHCCXY_SL343373,,,,,SL343373
haib17CEM5241_HMGMHCCXY_SL343343,CSD17-SIN-548,core,CSD17,singapore,SIN,1.437391,103.786048,metal_plastic,,above_ground_mixed,,woodlands,garbage_can,,,urban,8294507,1.28967,103.85007,yes,5791901,7796,723.2,29.2,163.63,east_asia,235185260,5241-CEM-0129,HMGMHCCXY,haib17CEM5241,TATGCGAG-TTAGTGTT,,haib17CEM5241_HMGMHCCXY_SL343343,,,,,SL343343
haib17CEM5241_HMGMHCCXY_SL343353,CSD17-SIN-549,core,CSD17,singapore,SIN,1.437333,103.785823,metal,,above_ground_mixed,,woodlands,seat,,,urban,3801084,1.28967,103.85007,yes,5791901,7796,723.2,29.2,163.63,east_asia,235185251,5241-CEM-0140,HMGMHCCXY,haib17CEM5241,ACTGACGA-CATCGACC,,haib17CEM5241_HMGMHCCXY_SL343353,,,,,SL343353
haib17CEM5241_HMGMHCCXY_SL343346,CSD17-SIN-550,core,CSD17,singapore,SIN,1.437212,103.785887,metal,,above_ground_mixed,,woodlands,seat,,,urban,4789877,1.28967,103.85007,yes,5791901,7796,723.2,29.2,163.63,east_asia,235163941,5241-CEM-0132,HMGMHCCXY,haib17CEM5241,ACAGCTCC-CCAGAACC,,haib17CEM5241_HMGMHCCXY_SL343346,,,,,SL343346
haib17CEM5241_HMGMHCCXY_SL343506,CSD17-SIN-551,core,CSD17,singapore,SIN,1.437203,103.786117,metal,,above_ground_mixed,,woodlands,horiz_pole,,crowded,urban,6705835,1.28967,103.85007,yes,5791901,7796,723.2,29.2,163.63,east_asia,235163652,5241-CEM-0102,HMGMHCCXY,haib17CEM5241,TAGCGGTA-CCATTAGG,,haib17CEM5241_HMGMHCCXY_SL343506,,,,,SL343506
haib17CEM5241_HMGMHCCXY_SL343365,CSD17-SIN-552,core,CSD17,singapore,SIN,1.437332,103.785936,metal,,above_ground_mixed,,woodlands,vert_pole,,,urban,5915139,1.28967,103.85007,yes,5791901,7796,723.2,29.2,163.63,east_asia,235184931,5241-CEM-0156,HMGMHCCXY,haib17CEM5241,AAGCAATT-CTCTAGCC,,haib17CEM5241_HMGMHCCXY_SL343365,,,,,SL343365
haib18CEM5453_HT5YVCCXY_SL357406,CSD17-SIN-561,core,CSD17,singapore,SIN,1.29933041,103.7981282,plastic,,above_ground_open,,tanglin,table,,,urban,4880144,1.28967,103.85007,yes,5791901,7796,723.2,29.2,163.63,east_asia,235183920,5453-CEM-0765,HT5YVCCXY,haib18CEM5453,ATTGTTAA-CCTCGATG,,haib18CEM5453_HT5YVCCXY_SL357406,,,,,SL357406
haib18CEM5453_HT5YVCCXY_SL357407,CSD17-SIN-562,core,CSD17,singapore,SIN,1.29940094,103.7979484,plastic,,above_ground_open,,tanglin,table,,,urban,5588920,1.28967,103.85007,yes,5791901,7796,723.2,29.2,163.63,east_asia,235184779,5453-CEM-0766,HT5YVCCXY,haib18CEM5453,AGATTCCT-ACTCCGCG,,haib18CEM5453_HT5YVCCXY_SL357407,,,,,SL357407
haib18CEM5453_HT5YVCCXY_SL357408,CSD17-SIN-563,core,CSD17,singapore,SIN,1.299315459,103.7981658,plastic,,above_ground_open,,tanglin,seat,,,urban,5211759,1.28967,103.85007,yes,5791901,7796,723.2,29.2,163.63,east_asia,235184861,5453-CEM-0767,HT5YVCCXY,haib18CEM5453,TGTTATAT-CGATGACG,,haib18CEM5453_HT5YVCCXY_SL357408,,,,,SL357408
haib18CEM5453_HT5YVCCXY_SL357409,CSD17-SIN-564,core,CSD17,singapore,SIN,1.299409249,103.797789,plastic,,above_ground_open,,tanglin,seat,,,urban,4854133,1.28967,103.85007,yes,5791901,7796,723.2,29.2,163.63,east_asia,235183974,5453-CEM-0768,HT5YVCCXY,haib18CEM5453,CATCCGTG-CGTTCCAG,,haib18CEM5453_HT5YVCCXY_SL357409,,,,,SL357409
haib18CEM5453_HT5YVCCXY_SL357412,CSD17-SIN-565,core,CSD17,singapore,SIN,1.2991346,103.7980692,granite,,above_ground_open,,pioneer,table,,,urban,3625561,1.28967,103.85007,yes,5791901,7796,723.2,29.2,163.63,east_asia,235183949,5453-CEM-0771,HT5YVCCXY,haib18CEM5453,CTGCTGCG-TCTATCGA,,haib18CEM5453_HT5YVCCXY_SL357412,,,,,SL357412
haib18CEM5453_HT5YVCCXY_SL357413,CSD17-SIN-566,core,CSD17,singapore,SIN,1.2983302,103.798024,granite,,above_ground_open,,pioneer,table,,,urban,4872065,1.28967,103.85007,yes,5791901,7796,723.2,29.2,163.63,east_asia,235185219,5453-CEM-0772,HT5YVCCXY,haib18CEM5453,TATTAATT-CAACCTAC,,haib18CEM5453_HT5YVCCXY_SL357413,,,,,SL357413
haib18CEM5453_HT5YVCCXY_SL357410,CSD17-SIN-567,core,CSD17,singapore,SIN,1.2984035,103.7980013,metal,,above_ground_open,,pioneer,seat,,,urban,5483822,1.28967,103.85007,yes,5791901,7796,723.2,29.2,163.63,east_asia,235185324,5453-CEM-0769,HT5YVCCXY,haib18CEM5453,TGGAAGCA-TGGTAATC,,haib18CEM5453_HT5YVCCXY_SL357410,,,,,SL357410
haib18CEM5453_HT5YVCCXY_SL357411,CSD17-SIN-568,core,CSD17,singapore,SIN,1.298641,103.7976067,metal,,above_ground_open,,pioneer,seat,,,urban,6456657,1.28967,103.85007,yes,5791901,7796,723.2,29.2,163.63,east_asia,235184360,5453-CEM-0770,HT5YVCCXY,haib18CEM5453,TGGTCCTT-ACCACCTG,,haib18CEM5453_HT5YVCCXY_SL357411,,,,,SL357411
haib18CEM5453_HT5YVCCXY_SL357414,CSD17-SIN-569,core,CSD17,singapore,SIN,1.2983396,103.79799,metal,,above_ground_open,,pioneer,letterbox,,,urban,2471128,1.28967,103.85007,yes,5791901,7796,723.2,29.2,163.63,east_asia,235184824,5453-CEM-0773,HT5YVCCXY,haib18CEM5453,AAGCCGCC-TCACGCGT,,haib18CEM5453_HT5YVCCXY_SL357414,,,,,SL357414
haib18CEM5453_HT5YVCCXY_SL357415,CSD17-SIN-570,core,CSD17,singapore,SIN,1.2983304,103.7980013,metal,,above_ground_open,,pioneer,letterbox,,,urban,2969960,1.28967,103.85007,yes,5791901,7796,723.2,29.2,163.63,east_asia,235185299,5453-CEM-0774,HT5YVCCXY,haib18CEM5453,ATGACACG-ATACTAAT,,haib18CEM5453_HT5YVCCXY_SL357415,,,,,SL357415
haib18CEM5453_HT5YVCCXY_SL357416,CSD17-SIN-571,core,CSD17,singapore,SIN,1.298641,103.7976067,metal,,above_ground_open,,pioneer,lift_buttons,,,urban,3923480,1.28967,103.85007,yes,5791901,7796,723.2,29.2,163.63,east_asia,235184908,5453-CEM-0775,HT5YVCCXY,haib18CEM5453,ATGCTATC-ATTGGATT,,haib18CEM5453_HT5YVCCXY_SL357416,,,,,SL357416
haib18CEM5453_HT5YVCCXY_SL357417,CSD17-SIN-572,core,CSD17,singapore,SIN,1.298641,103.7976067,metal,,above_ground_open,,pioneer,lift_buttons,,,urban,4717311,1.28967,103.85007,yes,5791901,7796,723.2,29.2,163.63,east_asia,235183911,5453-CEM-0776,HT5YVCCXY,haib18CEM5453,CTACGGAC-TTAATACG,,haib18CEM5453_HT5YVCCXY_SL357417,,,,,SL357417
haib18CEM5453_HT5YVCCXY_SL357418,CSD17-SIN-573,core,CSD17,singapore,SIN,1.2982475,103.7981032,metal,,above_ground_open,,pioneer,lift_door,,,urban,5219127,1.28967,103.85007,yes,5791901,7796,723.2,29.2,163.63,east_asia,235185592,5453-CEM-0777,HT5YVCCXY,haib18CEM5453,ACACATTC-AGTATTGA,,haib18CEM5453_HT5YVCCXY_SL357418,,,,,SL357418
haib18CEM5453_HT5YVCCXY_SL357419,CSD17-SIN-574,core,CSD17,singapore,SIN,1.2983671,103.7979787,metal,,above_ground_open,,pioneer,lift_door,,,urban,5352977,1.28967,103.85007,yes,5791901,7796,723.2,29.2,163.63,east_asia,235183977,5453-CEM-0778,HT5YVCCXY,haib18CEM5453,CGACTGGC-TAATATGA,,haib18CEM5453_HT5YVCCXY_SL357419,,,,,SL357419
haib18CEM5453_HT5YVCCXY_SL357420,CSD17-SIN-575,core,CSD17,singapore,SIN,1.2983684,103.7977297,metal,,above_ground_open,,pioneer,handrail,,,urban,5314825,1.28967,103.85007,yes,5791901,7796,723.2,29.2,163.63,east_asia,235183840,5453-CEM-0779,HT5YVCCXY,haib18CEM5453,CGAATTCC-CTGTACAA,,haib18CEM5453_HT5YVCCXY_SL357420,,,,,SL357420
haib18CEM5453_HT5YVCCXY_SL357421,CSD17-SIN-576,core,CSD17,singapore,SIN,1.2983502,103.7977297,metal,,above_ground_open,,pioneer,handrail,,,urban,6078689,1.28967,103.85007,yes,5791901,7796,723.2,29.2,163.63,east_asia,235184798,5453-CEM-0780,HT5YVCCXY,haib18CEM5453,AGAGAAGC-AGATGAGT,,haib18CEM5453_HT5YVCCXY_SL357421,,,,,SL357421
haib18CEM5453_HT5YVCCXY_SL357422,CSD17-SIN-577,core,CSD17,singapore,SIN,1.2984584,103.7980013,metal,,above_ground_open,,pioneer,playground,,,urban,6998093,1.28967,103.85007,yes,5791901,7796,723.2,29.2,163.63,east_asia,235184200,5453-CEM-0781,HT5YVCCXY,haib18CEM5453,TTCTAGTT-TATTGGCA,,haib18CEM5453_HT5YVCCXY_SL357422,,,,,SL357422
haib18CEM5453_HT5YVCCXY_SL357423,CSD17-SIN-578,core,CSD17,singapore,SIN,1.2983773,103.7982144,metal,,above_ground_open,,pioneer,playground,,,urban,6634362,1.28967,103.85007,yes,5791901,7796,723.2,29.2,163.63,east_asia,235184247,5453-CEM-0782,HT5YVCCXY,haib18CEM5453,ACCTGCGA-CTCTTATG,,haib18CEM5453_HT5YVCCXY_SL357423,,,,,SL357423
haib18CEM5453_HT5YVCCXY_SL357424,CSD17-SIN-579,core,CSD17,singapore,SIN,1.2984034,103.798024,plastic,,above_ground_open,,pioneer,playground,,,urban,7997233,1.28967,103.85007,yes,5791901,7796,723.2,29.2,163.63,east_asia,235184848,5453-CEM-0783,HT5YVCCXY,haib18CEM5453,CCGCGCCA-TGCGTTAA,,haib18CEM5453_HT5YVCCXY_SL357424,,,,,SL357424
haib18CEM5453_HT5YVCCXY_SL357425,CSD17-SIN-580,core,CSD17,singapore,SIN,1.29822,103.7981145,plastic,,above_ground_open,,pioneer,playground,,,urban,6824863,1.28967,103.85007,yes,5791901,7796,723.2,29.2,163.63,east_asia,235185306,5453-CEM-0784,HT5YVCCXY,haib18CEM5453,TCTTCCGT-CATTAGGT,,haib18CEM5453_HT5YVCCXY_SL357425,,,,,SL357425
haib17CEM5241_HMGMHCCXY_SL343511,CSD17-SIN-621,core,CSD17,singapore,SIN,1.431449,103.774245,plastic,,above_ground_mixed,,marsiling,table,,crowded,urban,2649705,1.28967,103.85007,yes,5791901,7796,723.2,29.2,163.63,east_asia,235163264,5241-CEM-0107,HMGMHCCXY,haib17CEM5241,AATTGAAG-CACCAGGA,,haib17CEM5241_HMGMHCCXY_SL343511,,,,,SL343511
haib17CEM5241_HMGMHCCXY_SL343354,CSD17-SIN-622,core,CSD17,singapore,SIN,1.431359,103.774041,plastic,,above_ground_mixed,,marsiling,table,,crowded,urban,4553327,1.28967,103.85007,yes,5791901,7796,723.2,29.2,163.63,east_asia,235163300,5241-CEM-0141,HMGMHCCXY,haib17CEM5241,ATCCTCTA-CCAACCTC,,haib17CEM5241_HMGMHCCXY_SL343354,,,,,SL343354
haib17CEM5241_HMGMHCCXY_SL343363,CSD17-SIN-623,core,CSD17,singapore,SIN,1.431277,103.773962,plastic,,above_ground_mixed,,marsiling,seat,,crowded,urban,2417780,1.28967,103.85007,yes,5791901,7796,723.2,29.2,163.63,east_asia,235184262,5241-CEM-0153,HMGMHCCXY,haib17CEM5241,CATTGTCG-CCTTAGTA,,haib17CEM5241_HMGMHCCXY_SL343363,,,,,SL343363
haib17CEM5241_HMGMHCCXY_SL343510,CSD17-SIN-624,core,CSD17,singapore,SIN,1.431387,103.77403,plastic,,above_ground_mixed,,marsiling,seat,,,urban,4505326,1.28967,103.85007,yes,5791901,7796,723.2,29.2,163.63,east_asia,235163162,5241-CEM-0106,HMGMHCCXY,haib17CEM5241,CCGGCAGT-TACAGACG,,haib17CEM5241_HMGMHCCXY_SL343510,,,,,SL343510
haib17CEM5241_HMGMHCCXY_SL343372,CSD17-SIN-625,core,CSD17,singapore,SIN,1.432147,103.775039,metal_plastic,,above_ground_open,,marsiling,exercise_hand_grip,,,urban,2232607,1.28967,103.85007,yes,5791901,7796,723.2,29.2,163.63,east_asia,235164007,5241-CEM-0165,HMGMHCCXY,haib17CEM5241,ACGTATCT-AGACAACT,,haib17CEM5241_HMGMHCCXY_SL343372,,,,,SL343372
haib17CEM5241_HMGMHCCXY_SL343364,CSD17-SIN-626,core,CSD17,singapore,SIN,1.432141,103.775105,metal_plastic,,above_ground_open,,marsiling,exercise_hand_grip,,,urban,6179710,1.28967,103.85007,yes,5791901,7796,723.2,29.2,163.63,east_asia,235162290,5241-CEM-0154,HMGMHCCXY,haib17CEM5241,TCGTTGCG-CAAGACGT,,haib17CEM5241_HMGMHCCXY_SL343364,,,,,SL343364
haib17CEM5241_HMGMHCCXY_SL343508,CSD17-SIN-627,core,CSD17,singapore,SIN,1.431875,103.775139,wood,,above_ground_mixed,,marsiling,seat,,,urban,4937526,1.28967,103.85007,yes,5791901,7796,723.2,29.2,163.63,east_asia,235162274,5241-CEM-0104,HMGMHCCXY,haib17CEM5241,CTTCCAAC-TAGGTACT,,haib17CEM5241_HMGMHCCXY_SL343508,,,,,SL343508
haib17CEM5241_HMGMHCCXY_SL343356,CSD17-SIN-628,core,CSD17,singapore,SIN,1.431949,103.775094,wood,,above_ground_mixed,,marsiling,seat,,,urban,2290319,1.28967,103.85007,yes,5791901,7796,723.2,29.2,163.63,east_asia,235184881,5241-CEM-0143,HMGMHCCXY,haib17CEM5241,TGAATTAG-CCGATCTA,,haib17CEM5241_HMGMHCCXY_SL343356,,,,,SL343356
haib17CEM5241_HMGMHCCXY_SL343509,CSD17-SIN-629,core,CSD17,singapore,SIN,1.431775,103.773577,metal,,above_ground_closed,,marsiling,letterbox,,,urban,2188100,1.28967,103.85007,yes,5791901,7796,723.2,29.2,163.63,east_asia,235164024,5241-CEM-0105,HMGMHCCXY,haib17CEM5241,AGTTCCGC-TCTTAAGC,,haib17CEM5241_HMGMHCCXY_SL343509,,,,,SL343509
haib17CEM5241_HMGMHCCXY_SL343352,CSD17-SIN-630,core,CSD17,singapore,SIN,1.431775,103.773577,metal,,above_ground_closed,,marsiling,letterbox,,,urban,7741924,1.28967,103.85007,yes,5791901,7796,723.2,29.2,163.63,east_asia,235163703,5241-CEM-0139,HMGMHCCXY,haib17CEM5241,AAGCGGAT-AACTCAGC,,haib17CEM5241_HMGMHCCXY_SL343352,,,,,SL343352
haib17CEM5241_HMGMHCCXY_SL343331,CSD17-SIN-631,core,CSD17,singapore,SIN,1.431929,103.77412,metal,,above_ground_mixed,,marsiling,lift_buttons,,,urban,2051759,1.28967,103.85007,yes,5791901,7796,723.2,29.2,163.63,east_asia,235183600,5241-CEM-0116,HMGMHCCXY,haib17CEM5241,AATGGCGT-CGGCCTTG,,haib17CEM5241_HMGMHCCXY_SL343331,,,,,SL343331
haib17CEM5241_HMGMHCCXY_SL343341,CSD17-SIN-632,core,CSD17,singapore,SIN,1.432397,103.773897,metal,,above_ground_closed,,marsiling,lift_buttons,,,urban,5137692,1.28967,103.85007,yes,5791901,7796,723.2,29.2,163.63,east_asia,235186145,5241-CEM-0127,HMGMHCCXY,haib17CEM5241,TGCCTCCT-TAGACTCT,,haib17CEM5241_HMGMHCCXY_SL343341,,,,,SL343341
haib17CEM5241_HMGMHCCXY_SL343361,CSD17-SIN-633,core,CSD17,singapore,SIN,1.432065,103.774143,metal,,above_ground_closed,,marsiling,lift_door,,,urban,2180068,1.28967,103.85007,yes,5791901,7796,723.2,29.2,163.63,east_asia,235162292,5241-CEM-0151,HMGMHCCXY,haib17CEM5241,ACTCGGAA-ACTCACAC,,haib17CEM5241_HMGMHCCXY_SL343361,,,,,SL343361
haib17CEM5241_HMGMHCCXY_SL343371,CSD17-SIN-634,core,CSD17,singapore,SIN,1.432388,103.773901,metal,,above_ground_closed,,marsiling,lift_door,,,urban,4242334,1.28967,103.85007,yes,5791901,7796,723.2,29.2,163.63,east_asia,235164021,5241-CEM-0164,HMGMHCCXY,haib17CEM5241,TTGCCGAC-ATATTACA,,haib17CEM5241_HMGMHCCXY_SL343371,,,,,SL343371
haib17CEM5241_HMGMHCCXY_SL343351,CSD17-SIN-635,core,CSD17,singapore,SIN,1.432193,103.774166,metal,,above_ground_mixed,,marsiling,handrail,,,urban,4189124,1.28967,103.85007,yes,5791901,7796,723.2,29.2,163.63,east_asia,235163985,5241-CEM-0138,HMGMHCCXY,haib17CEM5241,AGCGTCCG-ATACCTAA,,haib17CEM5241_HMGMHCCXY_SL343351,,,,,SL343351
haib17CEM5241_HMGMHCCXY_SL343334,CSD17-SIN-636,core,CSD17,singapore,SIN,1.432101,103.774234,metal,,above_ground_mixed,,marsiling,handrail,,,urban,3931777,1.28967,103.85007,yes,5791901,7796,723.2,29.2,163.63,east_asia,235185187,5241-CEM-0120,HMGMHCCXY,haib17CEM5241,AGTGGTCA-ACGTTCTC,,haib17CEM5241_HMGMHCCXY_SL343334,,,,,SL343334
haib17CEM5241_HMGMHCCXY_SL343362,CSD17-SIN-637,core,CSD17,singapore,SIN,1.431839,103.774981,metal_plastic,,above_ground_open,,marsiling,playground,,,urban,3587705,1.28967,103.85007,yes,5791901,7796,723.2,29.2,163.63,east_asia,235163082,5241-CEM-0152,HMGMHCCXY,haib17CEM5241,TATCTTAT-CCAGAGTT,,haib17CEM5241_HMGMHCCXY_SL343362,,,,,SL343362
haib17CEM5241_HMGMHCCXY_SL343330,CSD17-SIN-638,core,CSD17,singapore,SIN,1.431931,103.774958,metal_plastic,,above_ground_open,,marsiling,playground,,,urban,2330879,1.28967,103.85007,yes,5791901,7796,723.2,29.2,163.63,east_asia,235163711,5241-CEM-0115,HMGMHCCXY,haib17CEM5241,TCTGTCTT-TATGAGGC,,haib17CEM5241_HMGMHCCXY_SL343330,,,,,SL343330
haib17CEM5241_HMGMHCCXY_SL343512,CSD17-SIN-639,core,CSD17,singapore,SIN,1.431889,103.774939,metal_plastic,,above_ground_open,,marsiling,playground,,,urban,5821602,1.28967,103.85007,yes,5791901,7796,723.2,29.2,163.63,east_asia,235163712,5241-CEM-0108,HMGMHCCXY,haib17CEM5241,ACATTGCC-TAAGCCTT,,haib17CEM5241_HMGMHCCXY_SL343512,,,,,SL343512
haib17CEM5241_HMGMHCCXY_SL343345,CSD17-SIN-640,core,CSD17,singapore,SIN,1.431885,103.774969,metal_plastic,,above_ground_open,,marsiling,playground,,,urban,5595365,1.28967,103.85007,yes,5791901,7796,723.2,29.2,163.63,east_asia,235184116,5241-CEM-0131,HMGMHCCXY,haib17CEM5241,CGTGAACG-TTCATGAG,,haib17CEM5241_HMGMHCCXY_SL343345,,,,,SL343345
haib17CEM5241_HMGMHCCXY_SL343504,CSD17-SIN-641,core,CSD17,singapore,SIN,1.429458,103.834111,plastic,,above_ground_closed,,yishun,table,,,urban,7258881,1.28967,103.85007,yes,5791901,7796,723.2,29.2,163.63,east_asia,235163324,5241-CEM-0099,HMGMHCCXY,haib17CEM5241,AACATGTT-CCGCCATC,,haib17CEM5241_HMGMHCCXY_SL343504,,,,,SL343504
haib17CEM5241_HMGMHCCXY_SL343515,CSD17-SIN-642,core,CSD17,singapore,SIN,1.429474,103.834138,plastic,,above_ground_closed,,yishun,seat,,,urban,2890658,1.28967,103.85007,yes,5791901,7796,723.2,29.2,163.63,east_asia,235163690,5241-CEM-0111,HMGMHCCXY,haib17CEM5241,AATCTACT-ATGGTCGT,,haib17CEM5241_HMGMHCCXY_SL343515,,,,,SL343515
haib17CEM5241_HMGMHCCXY_SL343337,CSD17-SIN-643,core,CSD17,singapore,SIN,1.429484,103.834127,plastic,,above_ground_closed,,yishun,seat,,,urban,2898748,1.28967,103.85007,yes,5791901,7796,723.2,29.2,163.63,east_asia,235162521,5241-CEM-0123,HMGMHCCXY,haib17CEM5241,TTGTGAGG-ATTAAGCC,,haib17CEM5241_HMGMHCCXY_SL343337,,,,,SL343337
haib17CEM5241_HMGMHCCXY_SL343349,CSD17-SIN-644,core,CSD17,singapore,SIN,1.429468,103.834133,plastic,,above_ground_closed,,yishun,seat,,,urban,5517331,1.28967,103.85007,yes,5791901,7796,723.2,29.2,163.63,east_asia,235162280,5241-CEM-0136,HMGMHCCXY,haib17CEM5241,CAGACACC-TCCGGTTG,,haib17CEM5241_HMGMHCCXY_SL343349,,,,,SL343349
haib17CEM5241_HMGMHCCXY_SL343339,CSD17-SIN-645,core,CSD17,singapore,SIN,1.430203,103.833693,granite,,above_ground_mixed,,yishun,table,,,urban,1531931,1.28967,103.85007,yes,5791901,7796,723.2,29.2,163.63,east_asia,235163288,5241-CEM-0125,HMGMHCCXY,haib17CEM5241,TGGTCGGA-TGTGTAAT,,haib17CEM5241_HMGMHCCXY_SL343339,,,,,SL343339
haib17CEM5241_HMGMHCCXY_SL343359,CSD17-SIN-646,core,CSD17,singapore,SIN,1.430198,103.833677,granite,,above_ground_mixed,,yishun,table,,,urban,2058898,1.28967,103.85007,yes,5791901,7796,723.2,29.2,163.63,east_asia,235163721,5241-CEM-0147,HMGMHCCXY,haib17CEM5241,TTCCATCC-AGCACTTC,,haib17CEM5241_HMGMHCCXY_SL343359,,,,,SL343359
haib17CEM5241_HMGMHCCXY_SL343516,CSD17-SIN-647,core,CSD17,singapore,SIN,1.430197,103.833657,granite,,above_ground_mixed,,yishun,seat,,,urban,2000446,1.28967,103.85007,yes,5791901,7796,723.2,29.2,163.63,east_asia,235163996,5241-CEM-0112,HMGMHCCXY,haib17CEM5241,ATCTCTTA-TAATTGAA,,haib17CEM5241_HMGMHCCXY_SL343516,,,,,SL343516
haib17CEM5241_HMGMHCCXY_SL343502,CSD17-SIN-651,core,CSD17,singapore,SIN,1.430048,103.833081,metal,,above_ground_closed,,yishun,lift_buttons,,,urban,5507255,1.28967,103.85007,yes,5791901,7796,723.2,29.2,163.63,east_asia,235163939,5241-CEM-0097,HMGMHCCXY,haib17CEM5241,CCGCGCCA-TGCGTTAA,,haib17CEM5241_HMGMHCCXY_SL343502,,,,,SL343502
haib17CEM5241_HMGMHCCXY_SL343369,CSD17-SIN-653,core,CSD17,singapore,SIN,1.430037,103.833081,metal,,above_ground_closed,,yishun,lift_door,,,urban,2703339,1.28967,103.85007,yes,5791901,7796,723.2,29.2,163.63,east_asia,235163328,5241-CEM-0162,HMGMHCCXY,haib17CEM5241,ACCGGCTC-CCGGCGCC,,haib17CEM5241_HMGMHCCXY_SL343369,,,,,SL343369
haib17CEM5241_HMGMHCCXY_SL343514,CSD17-SIN-655,core,CSD17,singapore,SIN,1.430058,103.833092,metal,,above_ground_closed,,yishun,handrail,,,urban,6942202,1.28967,103.85007,yes,5791901,7796,723.2,29.2,163.63,east_asia,235163267,5241-CEM-0110,HMGMHCCXY,haib17CEM5241,CGGATGGA-ATGAGGTT,,haib17CEM5241_HMGMHCCXY_SL343514,,,,,SL343514
haib17CEM5241_HMGMHCCXY_SL343347,CSD17-SIN-656,core,CSD17,singapore,SIN,1.430053,103.833097,metal,,above_ground_closed,,yishun,handrail,,,urban,4457337,1.28967,103.85007,yes,5791901,7796,723.2,29.2,163.63,east_asia,235163083,5241-CEM-0133,HMGMHCCXY,haib17CEM5241,CTATCAGT-AGTCGAGC,,haib17CEM5241_HMGMHCCXY_SL343347,,,,,SL343347
haib17CEM5241_HMGMHCCXY_SL343336,CSD17-SIN-657,core,CSD17,singapore,SIN,1.429414,103.831758,plastic,,above_ground_open,,yishun,playground,,,urban,3750475,1.28967,103.85007,yes,5791901,7796,723.2,29.2,163.63,east_asia,235163290,5241-CEM-0122,HMGMHCCXY,haib17CEM5241,TCCGGAAC-TCCACGTT,,haib17CEM5241_HMGMHCCXY_SL343336,,,,,SL343336
haib17CEM5241_HMGMHCCXY_SL343503,CSD17-SIN-658,core,CSD17,singapore,SIN,1.429403,103.831747,plastic,,above_ground_open,,yishun,playground,,,urban,4928838,1.28967,103.85007,yes,5791901,7796,723.2,29.2,163.63,east_asia,235163277,5241-CEM-0098,HMGMHCCXY,haib17CEM5241,TCTTCCGT-CATTAGGT,,haib17CEM5241_HMGMHCCXY_SL343503,,,,,SL343503
haib17CEM5241_HMGMHCCXY_SL343505,CSD17-SIN-659,core,CSD17,singapore,SIN,1.429435,103.831715,plastic,,above_ground_open,,yishun,playground,,,urban,3716991,1.28967,103.85007,yes,5791901,7796,723.2,29.2,163.63,east_asia,235163670,5241-CEM-0100,HMGMHCCXY,haib17CEM5241,ATGAGTGA-TCTCTGCT,,haib17CEM5241_HMGMHCCXY_SL343505,,,,,SL343505
haib17CEM5241_HMGMHCCXY_SL343367,CSD17-SIN-660,core,CSD17,singapore,SIN,1.429414,103.831736,plastic,,above_ground_open,,yishun,playground,,,urban,3378995,1.28967,103.85007,yes,5791901,7796,723.2,29.2,163.63,east_asia,235163326,5241-CEM-0158,HMGMHCCXY,haib17CEM5241,AACTTCGG-AGTAACCT,,haib17CEM5241_HMGMHCCXY_SL343367,,,,,SL343367
haib18CEM5453_HT5YVCCXY_SL357386,CSD17-SIN-732,core,CSD17,singapore,SIN,1.285286,103.845577,metal,,above_ground_mixed,,chinatown,lift_buttons,,,urban,3303056,1.28967,103.85007,yes,5791901,7796,723.2,29.2,163.63,east_asia,235163147,5453-CEM-0742,HT5YVCCXY,haib18CEM5453,TTGGATTG-CAGGCCAG,,haib18CEM5453_HT5YVCCXY_SL357386,,,,,SL357386
haib18CEM5453_HT5YVCCXY_SL357385,CSD17-SIN-733,core,CSD17,singapore,SIN,1.285414,103.845502,glass,,above_ground_mixed,,chinatown,lift_door,,,urban,615994,1.28967,103.85007,yes,5791901,7796,723.2,29.2,163.63,east_asia,235163312,5453-CEM-0741,HT5YVCCXY,haib18CEM5453,AAGCAATT-CTCTAGCC,,haib18CEM5453_HT5YVCCXY_SL357385,,,,,SL357385
haib18CEM5453_HT5YVCCXY_SL357387,CSD17-SIN-735,core,CSD17,singapore,SIN,1.285523,103.845528,metal,,above_ground_mixed,,chinatown,handrail,,,urban,5154686,1.28967,103.85007,yes,5791901,7796,723.2,29.2,163.63,east_asia,235163987,5453-CEM-0743,HT5YVCCXY,haib18CEM5453,AACTTCGG-AGTAACCT,,haib18CEM5453_HT5YVCCXY_SL357387,,,,,SL357387
haib17CEM5241_HMGMHCCXY_SL343388,CSD17-SIN-781,core,CSD17,singapore,SIN,1.354435,103.960375,pvc,,above_ground_closed,,tampines,table,,,urban,2770908,1.28967,103.85007,yes,5791901,7796,723.2,29.2,163.63,east_asia,235183611,5241-CEM-0181,HMGMHCCXY,haib17CEM5241,CGTAATGT-ACCAAGAC,,haib17CEM5241_HMGMHCCXY_SL343388,,,,,SL343388
haib17CEM5241_HMGMHCCXY_SL343390,CSD17-SIN-784,core,CSD17,singapore,SIN,1.35438,103.960321,pvc,,above_ground_closed,,tampines,seat,,,urban,4797350,1.28967,103.85007,yes,5791901,7796,723.2,29.2,163.63,east_asia,235163129,5241-CEM-0184,HMGMHCCXY,haib17CEM5241,AGATTCCT-ACTCCGCG,,haib17CEM5241_HMGMHCCXY_SL343390,,,,,SL343390
haib17CEM5241_HMGMHCCXY_SL343389,CSD17-SIN-789,core,CSD17,singapore,SIN,1.355811,103.961042,metal,,above_ground_open,,tampines,letterbox,,,urban,3686875,1.28967,103.85007,yes,5791901,7796,723.2,29.2,163.63,east_asia,235162550,5241-CEM-0182,HMGMHCCXY,haib17CEM5241,ATTGTTAA-CCTCGATG,,haib17CEM5241_HMGMHCCXY_SL343389,,,,,SL343389
haib17CEM5241_HMCMJCCXY_SL336202,,core,CSD17,singapore,,,,,,,,,,,,,451612,1.28967,103.85007,yes,5791901,7796,723.2,29.2,163.63,east_asia,,5241-CEM-0101,HMCMJCCXY,haib17CEM5241,CCGTGCTT,,haib17CEM5241_HMCMJCCXY_SL336202,,,,,SL336202
haib17CEM5241_HMCMJCCXY_SL336203,,core,CSD17,singapore,,,,,,,,,,,,,2100647,1.28967,103.85007,yes,5791901,7796,723.2,29.2,163.63,east_asia,,5241-CEM-0119,HMCMJCCXY,haib17CEM5241,CCTGACTC,,haib17CEM5241_HMCMJCCXY_SL336203,,,,,SL336203
haib17CEM5241_HMCMJCCXY_SL336204,,core,CSD17,singapore,,,,,,,,,,,,,3098834,1.28967,103.85007,yes,5791901,7796,723.2,29.2,163.63,east_asia,,5241-CEM-0135,HMCMJCCXY,haib17CEM5241,AGCCGTGT,,haib17CEM5241_HMCMJCCXY_SL336204,,,,,SL336204
haib17CEM5241_HMCMJCCXY_SL336205,,core,CSD17,singapore,,,,,,,,,,,,,3187647,1.28967,103.85007,yes,5791901,7796,723.2,29.2,163.63,east_asia,,5241-CEM-0146,HMCMJCCXY,haib17CEM5241,CTTAACAT,,haib17CEM5241_HMCMJCCXY_SL336205,,,,,SL336205
haib17CEM5241_HMCMJCCXY_SL336206,,core,CSD17,singapore,,,,,,,,,,,,,4920844,1.28967,103.85007,yes,5791901,7796,723.2,29.2,163.63,east_asia,,5241-CEM-0149,HMCMJCCXY,haib17CEM5241,AATCGCCA,,haib17CEM5241_HMCMJCCXY_SL336206,,,,,SL336206
haib17CEM5241_HMCMJCCXY_SL336207,,core,CSD17,singapore,,,,,,,,,,,,,22388,1.28967,103.85007,yes,5791901,7796,723.2,29.2,163.63,east_asia,,5241-CEM-0150,HMCMJCCXY,haib17CEM5241,CTCCGCAA,,haib17CEM5241_HMCMJCCXY_SL336207,,,,,SL336207
haib17CEM5241_HMCMJCCXY_SL336208,,core,CSD17,singapore,,,,,,,,,,,,,5009891,1.28967,103.85007,yes,5791901,7796,723.2,29.2,163.63,east_asia,,5241-CEM-0155,HMCMJCCXY,haib17CEM5241,AGGTCGAC,,haib17CEM5241_HMCMJCCXY_SL336208,,,,,SL336208
haib17CEM5241_HMCMJCCXY_SL336209,,core,CSD17,singapore,,,,,,,,,,,,,4749087,1.28967,103.85007,yes,5791901,7796,723.2,29.2,163.63,east_asia,,5241-CEM-0160,HMCMJCCXY,haib17CEM5241,TCCGAACA,,haib17CEM5241_HMCMJCCXY_SL336209,,,,,SL336209
haib17CEM5241_HMCMJCCXY_SL336210,,core,CSD17,singapore,,,,,,,,,,,,,5256250,1.28967,103.85007,yes,5791901,7796,723.2,29.2,163.63,east_asia,,5241-CEM-0161,HMCMJCCXY,haib17CEM5241,CCACGGCT,,haib17CEM5241_HMCMJCCXY_SL336210,,,,,SL336210
haib17CEM5241_HMCMJCCXY_SL336211,,core,CSD17,singapore,,,,,,,,,,,,,3204376,1.28967,103.85007,yes,5791901,7796,723.2,29.2,163.63,east_asia,,5241-CEM-0183,HMCMJCCXY,haib17CEM5241,TTATGCAA,,haib17CEM5241_HMCMJCCXY_SL336211,,,,,SL336211
haib17CEM5241_HMCMJCCXY_SL336212,,core,CSD17,singapore,,,,,,,,,,,,,1794342,1.28967,103.85007,yes,5791901,7796,723.2,29.2,163.63,east_asia,,5241-CEM-0187,HMCMJCCXY,haib17CEM5241,CGAATATG,,haib17CEM5241_HMCMJCCXY_SL336212,,,,,SL336212
haib17CEM5241_HMCMJCCXY_SL336213,,core,CSD17,singapore,,,,,,,,,,,,,4326749,1.28967,103.85007,yes,5791901,7796,723.2,29.2,163.63,east_asia,,5241-CEM-0191,HMCMJCCXY,haib17CEM5241,CGTAATGT,,haib17CEM5241_HMCMJCCXY_SL336213,,,,,SL336213
haib17CEM5241_HMGMHCCXY_SL343517,,core,CSD17,singapore,,,,,,,,,,,,,1821345,1.28967,103.85007,yes,5791901,7796,723.2,29.2,163.63,east_asia,235162279,5241-CEM-0113,HMGMHCCXY,haib17CEM5241,TGGCGTAT-ACCGGTCT,,haib17CEM5241_HMGMHCCXY_SL343517,,,,,SL343517
haib18CEM5453_HT5YVCCXY_SL357384,,core,CSD17,singapore,,,,,,,,,,,,,5615371,1.28967,103.85007,yes,5791901,7796,723.2,29.2,163.63,east_asia,235163961,5453-CEM-0740,HT5YVCCXY,haib18CEM5453,TCGTTGCG-CAAGACGT,,haib18CEM5453_HT5YVCCXY_SL357384,,,,,SL357384
